<?xml version="1.0"?>
<!--<!DOCTYPE metadata SYSTEM "http://www.esri.com/metadata/esriprof80.dtd">-->
<metadata xml:lang="es"><Esri><CreaDate>20080828</CreaDate><CreaTime>14324400</CreaTime><SyncOnce>FALSE</SyncOnce><DataProperties><lineage><Process Name="Merge_3" ToolSource="C:\Archivos de programa\ArcGIS\ArcToolbox\Toolboxes\Data Management Tools.tbx\Merge" Date="20080828" Time="140504">Merge 'C:\CATTY\TRABAJOS_CV\AGOSTO_2008\REVISIÓN DIVISIÓN POLÍTICA\RECOMPOSICIÓN_SHAPEFILES\01_AZUAY\GES-Division Politica 2007-Cantones por provincia-Azuay\AZUAY.shp';'C:\CATTY\TRABAJOS_CV\AGOSTO_2008\REVISIÓN DIVISIÓN POLÍTICA\RECOMPOSICIÓN_SHAPEFILES\02_BOLIVAR\GES-Division Politica 2007-Cantones por provincia-Bolivar\BOLIVAR_CANTONES.shp';'C:\CATTY\TRABAJOS_CV\AGOSTO_2008\REVISIÓN DIVISIÓN POLÍTICA\RECOMPOSICIÓN_SHAPEFILES\03_CAÑAR\GES-Division Politica 2007-Cantones por provincia-Caniar\CAÑAR_CANTONAL.shp';'C:\CATTY\TRABAJOS_CV\AGOSTO_2008\REVISIÓN DIVISIÓN POLÍTICA\RECOMPOSICIÓN_SHAPEFILES\04_CARCHI\GES-Division Politica 2007-Cantones por provincia-Carchi\CARCHI_CANTONAL.shp';'C:\CATTY\TRABAJOS_CV\AGOSTO_2008\REVISIÓN DIVISIÓN POLÍTICA\RECOMPOSICIÓN_SHAPEFILES\05_COTOPAXI\GES-Division Politica 2007-Cantones por provincia-Cotopaxi\COTOPAXI_CANTONES.shp';'C:\CATTY\TRABAJOS_CV\AGOSTO_2008\REVISIÓN DIVISIÓN POLÍTICA\RECOMPOSICIÓN_SHAPEFILES\06_CHIMBORAZO\GES-Division Politica 2007-Cantones por provincia-Chimborazo\CHIMBORAZO_CANTONES.shp';'C:\CATTY\TRABAJOS_CV\AGOSTO_2008\REVISIÓN DIVISIÓN POLÍTICA\RECOMPOSICIÓN_SHAPEFILES\07_EL ORO\GES-Division Politica 2007-Cantones por provincia-El Oro\EL_ORO_CANTONAL.shp';'C:\CATTY\TRABAJOS_CV\AGOSTO_2008\REVISIÓN DIVISIÓN POLÍTICA\RECOMPOSICIÓN_SHAPEFILES\08_ESMERALDAS\GES-Division Politica 2007-Cantones por provincia-Esmeraldas\ESMERALDAS_CANTONES.shp';'C:\CATTY\TRABAJOS_CV\AGOSTO_2008\REVISIÓN DIVISIÓN POLÍTICA\RECOMPOSICIÓN_SHAPEFILES\09_GUAYAS\GES-Division Politica 2007-Cantones por provincia-Guayas\GUAYAS_CANTONAL.shp';'C:\CATTY\TRABAJOS_CV\AGOSTO_2008\REVISIÓN DIVISIÓN POLÍTICA\RECOMPOSICIÓN_SHAPEFILES\10_IMBABURA\GES-Division Politica 2007-Cantones por provincia-Imbabura\IMBABURA_CANTONES.shp';'C:\CATTY\TRABAJOS_CV\AGOSTO_2008\REVISIÓN DIVISIÓN POLÍTICA\RECOMPOSICIÓN_SHAPEFILES\11_LOJA\GES-Division Politica 2007-Cantones por provincia-Loja\LOJA_CANTONES.shp';'C:\CATTY\TRABAJOS_CV\AGOSTO_2008\REVISIÓN DIVISIÓN POLÍTICA\RECOMPOSICIÓN_SHAPEFILES\12_LOS RIOS\GES-Division Politica 2007-Cantones por provincia-Los Rios\LOS_RIOS_CANTONES.shp';'C:\CATTY\TRABAJOS_CV\AGOSTO_2008\REVISIÓN DIVISIÓN POLÍTICA\RECOMPOSICIÓN_SHAPEFILES\13_MANABI\GES-Division Politica 2007-Cantones por provincia-Manabi\MANABI_CANTONES.shp';'C:\CATTY\TRABAJOS_CV\AGOSTO_2008\REVISIÓN DIVISIÓN POLÍTICA\RECOMPOSICIÓN_SHAPEFILES\14_MORONA SANTIAGO\GES-Division Politica 2007-Cantones por provincia-Morona Santiago\MORONA_SANTIAGO_CANTONES.shp';'C:\CATTY\TRABAJOS_CV\AGOSTO_2008\REVISIÓN DIVISIÓN POLÍTICA\RECOMPOSICIÓN_SHAPEFILES\15_NAPO\GES-Division Politica 2007-Cantones por provincia-Napo\NAPO_CANTONES.shp';'C:\CATTY\TRABAJOS_CV\AGOSTO_2008\REVISIÓN DIVISIÓN POLÍTICA\RECOMPOSICIÓN_SHAPEFILES\16_PASTAZA\GES-Division Politica 2007-Cantones por provincia-Pastaza\PASTAZA_CANTONES.shp';'C:\CATTY\TRABAJOS_CV\AGOSTO_2008\REVISIÓN DIVISIÓN POLÍTICA\RECOMPOSICIÓN_SHAPEFILES\17_PICHINCHA\GES-Division Politica 2007-Cantones por provincia-Pichincha\PICHINCHA_CANTONES.shp';'C:\CATTY\TRABAJOS_CV\AGOSTO_2008\REVISIÓN DIVISIÓN POLÍTICA\RECOMPOSICIÓN_SHAPEFILES\18_TUNGURAHUA\GES-Division Politica 2007-Cantones por provincia-Tungurahua\TUNGURAHUA_CANTONES.shp';'C:\CATTY\TRABAJOS_CV\AGOSTO_2008\REVISIÓN DIVISIÓN POLÍTICA\RECOMPOSICIÓN_SHAPEFILES\19_ZAMORA CHINCHIPE\GES-Division Politica 2007-Cantones por provincia-Zamora Chinchipe\ZAMORA_CHINCHIPE_CANTONES.shp';'C:\CATTY\TRABAJOS_CV\AGOSTO_2008\REVISIÓN DIVISIÓN POLÍTICA\RECOMPOSICIÓN_SHAPEFILES\20_GALAPAGOS\GES-Division Politica 2007-Cantones por provincia-Galapagos\GALAPAGOS_CANTONES.shp';'C:\CATTY\TRABAJOS_CV\AGOSTO_2008\REVISIÓN DIVISIÓN POLÍTICA\RECOMPOSICIÓN_SHAPEFILES\21_SUCUMBIOS\GES-Division Politica 2007-Cantones por provincia-Sucumbios\SUCUMBIOS_CANTONES.shp';'C:\CATTY\TRABAJOS_CV\AGOSTO_2008\REVISIÓN DIVISIÓN POLÍTICA\RECOMPOSICIÓN_SHAPEFILES\22_ORELLANA\GES-Division Politica 2007-Cantones por provincia-Orellana\ORELLANA_CANTONES.shp';'C:\CATTY\TRABAJOS_CV\AGOSTO_2008\REVISIÓN DIVISIÓN POLÍTICA\RECOMPOSICIÓN_SHAPEFILES\23_SANTO DOMINGO\GES-Division Politica 2007-Cantones por provincia-Sto Domingo\SANTO_DOMINGO_CANTONES.shp';'C:\CATTY\TRABAJOS_CV\AGOSTO_2008\REVISIÓN DIVISIÓN POLÍTICA\RECOMPOSICIÓN_SHAPEFILES\24_SANTA ELENA\GES-Division Politica 2007-Cantones por provincia-Santa Elena\SANTA_ELENA_CANTONES.shp' "C:\CATTY\mini_papelera\RECOMPOSICION_SHP_DPA2007\NACIONAL POR CANTONES.shp" "DPA_CANTON DPA_CANTON true false false 20 Text 0 0 ,First,#,C:\CATTY\TRABAJOS_CV\AGOSTO_2008\REVISIÓN DIVISIÓN POLÍTICA\RECOMPOSICIÓN_SHAPEFILES\01_AZUAY\GES-Division Politica 2007-Cantones por provincia-Azuay\AZUAY.shp,DPA_CANTON,-1,-1,C:\CATTY\TRABAJOS_CV\AGOSTO_2008\REVISIÓN DIVISIÓN POLÍTICA\RECOMPOSICIÓN_SHAPEFILES\02_BOLIVAR\GES-Division Politica 2007-Cantones por provincia-Bolivar\BOLIVAR_CANTONES.shp,DPA_CANTON,-1,-1,C:\CATTY\TRABAJOS_CV\AGOSTO_2008\REVISIÓN DIVISIÓN POLÍTICA\RECOMPOSICIÓN_SHAPEFILES\03_CAÑAR\GES-Division Politica 2007-Cantones por provincia-Caniar\CAÑAR_CANTONAL.shp,DPA_CANTON,-1,-1,C:\CATTY\TRABAJOS_CV\AGOSTO_2008\REVISIÓN DIVISIÓN POLÍTICA\RECOMPOSICIÓN_SHAPEFILES\04_CARCHI\GES-Division Politica 2007-Cantones por provincia-Carchi\CARCHI_CANTONAL.shp,DPA_CANTON,-1,-1,C:\CATTY\TRABAJOS_CV\AGOSTO_2008\REVISIÓN DIVISIÓN POLÍTICA\RECOMPOSICIÓN_SHAPEFILES\05_COTOPAXI\GES-Division Politica 2007-Cantones por provincia-Cotopaxi\COTOPAXI_CANTONES.shp,DPA_CANTON,-1,-1,C:\CATTY\TRABAJOS_CV\AGOSTO_2008\REVISIÓN DIVISIÓN POLÍTICA\RECOMPOSICIÓN_SHAPEFILES\06_CHIMBORAZO\GES-Division Politica 2007-Cantones por provincia-Chimborazo\CHIMBORAZO_CANTONES.shp,DPA_CANTON,-1,-1,C:\CATTY\TRABAJOS_CV\AGOSTO_2008\REVISIÓN DIVISIÓN POLÍTICA\RECOMPOSICIÓN_SHAPEFILES\07_EL ORO\GES-Division Politica 2007-Cantones por provincia-El Oro\EL_ORO_CANTONAL.shp,DPA_CANTON,-1,-1,C:\CATTY\TRABAJOS_CV\AGOSTO_2008\REVISIÓN DIVISIÓN POLÍTICA\RECOMPOSICIÓN_SHAPEFILES\08_ESMERALDAS\GES-Division Politica 2007-Cantones por provincia-Esmeraldas\ESMERALDAS_CANTONES.shp,DPA_CANTON,-1,-1,C:\CATTY\TRABAJOS_CV\AGOSTO_2008\REVISIÓN DIVISIÓN POLÍTICA\RECOMPOSICIÓN_SHAPEFILES\09_GUAYAS\GES-Division Politica 2007-Cantones por provincia-Guayas\GUAYAS_CANTONAL.shp,DPA_CANTON,-1,-1,C:\CATTY\TRABAJOS_CV\AGOSTO_2008\REVISIÓN DIVISIÓN POLÍTICA\RECOMPOSICIÓN_SHAPEFILES\10_IMBABURA\GES-Division Politica 2007-Cantones por provincia-Imbabura\IMBABURA_CANTONES.shp,DPA_CANTON,-1,-1,C:\CATTY\TRABAJOS_CV\AGOSTO_2008\REVISIÓN DIVISIÓN POLÍTICA\RECOMPOSICIÓN_SHAPEFILES\11_LOJA\GES-Division Politica 2007-Cantones por provincia-Loja\LOJA_CANTONES.shp,DPA_CANTON,-1,-1,C:\CATTY\TRABAJOS_CV\AGOSTO_2008\REVISIÓN DIVISIÓN POLÍTICA\RECOMPOSICIÓN_SHAPEFILES\12_LOS RIOS\GES-Division Politica 2007-Cantones por provincia-Los Rios\LOS_RIOS_CANTONES.shp,DPA_CANTON,-1,-1,C:\CATTY\TRABAJOS_CV\AGOSTO_2008\REVISIÓN DIVISIÓN POLÍTICA\RECOMPOSICIÓN_SHAPEFILES\13_MANABI\GES-Division Politica 2007-Cantones por provincia-Manabi\MANABI_CANTONES.shp,DPA_CANTON,-1,-1,C:\CATTY\TRABAJOS_CV\AGOSTO_2008\REVISIÓN DIVISIÓN POLÍTICA\RECOMPOSICIÓN_SHAPEFILES\14_MORONA SANTIAGO\GES-Division Politica 2007-Cantones por provincia-Morona Santiago\MORONA_SANTIAGO_CANTONES.shp,DPA_CANTON,-1,-1,C:\CATTY\TRABAJOS_CV\AGOSTO_2008\REVISIÓN DIVISIÓN POLÍTICA\RECOMPOSICIÓN_SHAPEFILES\15_NAPO\GES-Division Politica 2007-Cantones por provincia-Napo\NAPO_CANTONES.shp,DPA_CANTON,-1,-1,C:\CATTY\TRABAJOS_CV\AGOSTO_2008\REVISIÓN DIVISIÓN POLÍTICA\RECOMPOSICIÓN_SHAPEFILES\16_PASTAZA\GES-Division Politica 2007-Cantones por provincia-Pastaza\PASTAZA_CANTONES.shp,DPA_CANTON,-1,-1,C:\CATTY\TRABAJOS_CV\AGOSTO_2008\REVISIÓN DIVISIÓN POLÍTICA\RECOMPOSICIÓN_SHAPEFILES\17_PICHINCHA\GES-Division Politica 2007-Cantones por provincia-Pichincha\PICHINCHA_CANTONES.shp,DPA_CANTON,-1,-1,C:\CATTY\TRABAJOS_CV\AGOSTO_2008\REVISIÓN DIVISIÓN POLÍTICA\RECOMPOSICIÓN_SHAPEFILES\18_TUNGURAHUA\GES-Division Politica 2007-Cantones por provincia-Tungurahua\TUNGURAHUA_CANTONES.shp,DPA_CANTON,-1,-1,C:\CATTY\TRABAJOS_CV\AGOSTO_2008\REVISIÓN DIVISIÓN POLÍTICA\RECOMPOSICIÓN_SHAPEFILES\19_ZAMORA CHINCHIPE\GES-Division Politica 2007-Cantones por provincia-Zamora Chinchipe\ZAMORA_CHINCHIPE_CANTONES.shp,DPA_CANTON,-1,-1,C:\CATTY\TRABAJOS_CV\AGOSTO_2008\REVISIÓN DIVISIÓN POLÍTICA\RECOMPOSICIÓN_SHAPEFILES\20_GALAPAGOS\GES-Division Politica 2007-Cantones por provincia-Galapagos\GALAPAGOS_CANTONES.shp,DPA_CANTON,-1,-1,C:\CATTY\TRABAJOS_CV\AGOSTO_2008\REVISIÓN DIVISIÓN POLÍTICA\RECOMPOSICIÓN_SHAPEFILES\21_SUCUMBIOS\GES-Division Politica 2007-Cantones por provincia-Sucumbios\SUCUMBIOS_CANTONES.shp,DPA_CANTON,-1,-1,C:\CATTY\TRABAJOS_CV\AGOSTO_2008\REVISIÓN DIVISIÓN POLÍTICA\RECOMPOSICIÓN_SHAPEFILES\22_ORELLANA\GES-Division Politica 2007-Cantones por provincia-Orellana\ORELLANA_CANTONES.shp,DPA_CANTON,-1,-1,C:\CATTY\TRABAJOS_CV\AGOSTO_2008\REVISIÓN DIVISIÓN POLÍTICA\RECOMPOSICIÓN_SHAPEFILES\23_SANTO DOMINGO\GES-Division Politica 2007-Cantones por provincia-Sto Domingo\SANTO_DOMINGO_CANTONES.shp,DPA_CANTON,-1,-1,C:\CATTY\TRABAJOS_CV\AGOSTO_2008\REVISIÓN DIVISIÓN POLÍTICA\RECOMPOSICIÓN_SHAPEFILES\24_SANTA ELENA\GES-Division Politica 2007-Cantones por provincia-Santa Elena\SANTA_ELENA_CANTONES.shp,DPA_CANTON,-1,-1;DPA_DESCAN DPA_DESCAN true false false 50 Text 0 0 ,First,#,C:\CATTY\TRABAJOS_CV\AGOSTO_2008\REVISIÓN DIVISIÓN POLÍTICA\RECOMPOSICIÓN_SHAPEFILES\01_AZUAY\GES-Division Politica 2007-Cantones por provincia-Azuay\AZUAY.shp,DPA_DESCAN,-1,-1,C:\CATTY\TRABAJOS_CV\AGOSTO_2008\REVISIÓN DIVISIÓN POLÍTICA\RECOMPOSICIÓN_SHAPEFILES\02_BOLIVAR\GES-Division Politica 2007-Cantones por provincia-Bolivar\BOLIVAR_CANTONES.shp,DPA_DESCAN,-1,-1,C:\CATTY\TRABAJOS_CV\AGOSTO_2008\REVISIÓN DIVISIÓN POLÍTICA\RECOMPOSICIÓN_SHAPEFILES\03_CAÑAR\GES-Division Politica 2007-Cantones por provincia-Caniar\CAÑAR_CANTONAL.shp,DPA_DESCAN,-1,-1,C:\CATTY\TRABAJOS_CV\AGOSTO_2008\REVISIÓN DIVISIÓN POLÍTICA\RECOMPOSICIÓN_SHAPEFILES\04_CARCHI\GES-Division Politica 2007-Cantones por provincia-Carchi\CARCHI_CANTONAL.shp,DPA_DESCAN,-1,-1,C:\CATTY\TRABAJOS_CV\AGOSTO_2008\REVISIÓN DIVISIÓN POLÍTICA\RECOMPOSICIÓN_SHAPEFILES\05_COTOPAXI\GES-Division Politica 2007-Cantones por provincia-Cotopaxi\COTOPAXI_CANTONES.shp,DPA_DESCAN,-1,-1,C:\CATTY\TRABAJOS_CV\AGOSTO_2008\REVISIÓN DIVISIÓN POLÍTICA\RECOMPOSICIÓN_SHAPEFILES\06_CHIMBORAZO\GES-Division Politica 2007-Cantones por provincia-Chimborazo\CHIMBORAZO_CANTONES.shp,DPA_DESCAN,-1,-1,C:\CATTY\TRABAJOS_CV\AGOSTO_2008\REVISIÓN DIVISIÓN POLÍTICA\RECOMPOSICIÓN_SHAPEFILES\07_EL ORO\GES-Division Politica 2007-Cantones por provincia-El Oro\EL_ORO_CANTONAL.shp,DPA_DESCAN,-1,-1,C:\CATTY\TRABAJOS_CV\AGOSTO_2008\REVISIÓN DIVISIÓN POLÍTICA\RECOMPOSICIÓN_SHAPEFILES\08_ESMERALDAS\GES-Division Politica 2007-Cantones por provincia-Esmeraldas\ESMERALDAS_CANTONES.shp,DPA_DESCAN,-1,-1,C:\CATTY\TRABAJOS_CV\AGOSTO_2008\REVISIÓN DIVISIÓN POLÍTICA\RECOMPOSICIÓN_SHAPEFILES\09_GUAYAS\GES-Division Politica 2007-Cantones por provincia-Guayas\GUAYAS_CANTONAL.shp,DPA_DESCAN,-1,-1,C:\CATTY\TRABAJOS_CV\AGOSTO_2008\REVISIÓN DIVISIÓN POLÍTICA\RECOMPOSICIÓN_SHAPEFILES\10_IMBABURA\GES-Division Politica 2007-Cantones por provincia-Imbabura\IMBABURA_CANTONES.shp,DPA_DESCAN,-1,-1,C:\CATTY\TRABAJOS_CV\AGOSTO_2008\REVISIÓN DIVISIÓN POLÍTICA\RECOMPOSICIÓN_SHAPEFILES\11_LOJA\GES-Division Politica 2007-Cantones por provincia-Loja\LOJA_CANTONES.shp,DPA_DESCAN,-1,-1,C:\CATTY\TRABAJOS_CV\AGOSTO_2008\REVISIÓN DIVISIÓN POLÍTICA\RECOMPOSICIÓN_SHAPEFILES\12_LOS RIOS\GES-Division Politica 2007-Cantones por provincia-Los Rios\LOS_RIOS_CANTONES.shp,DPA_DESCAN,-1,-1,C:\CATTY\TRABAJOS_CV\AGOSTO_2008\REVISIÓN DIVISIÓN POLÍTICA\RECOMPOSICIÓN_SHAPEFILES\13_MANABI\GES-Division Politica 2007-Cantones por provincia-Manabi\MANABI_CANTONES.shp,DPA_DESCAN,-1,-1,C:\CATTY\TRABAJOS_CV\AGOSTO_2008\REVISIÓN DIVISIÓN POLÍTICA\RECOMPOSICIÓN_SHAPEFILES\14_MORONA SANTIAGO\GES-Division Politica 2007-Cantones por provincia-Morona Santiago\MORONA_SANTIAGO_CANTONES.shp,DPA_DESCAN,-1,-1,C:\CATTY\TRABAJOS_CV\AGOSTO_2008\REVISIÓN DIVISIÓN POLÍTICA\RECOMPOSICIÓN_SHAPEFILES\15_NAPO\GES-Division Politica 2007-Cantones por provincia-Napo\NAPO_CANTONES.shp,DPA_DESCAN,-1,-1,C:\CATTY\TRABAJOS_CV\AGOSTO_2008\REVISIÓN DIVISIÓN POLÍTICA\RECOMPOSICIÓN_SHAPEFILES\16_PASTAZA\GES-Division Politica 2007-Cantones por provincia-Pastaza\PASTAZA_CANTONES.shp,DPA_DESCAN,-1,-1,C:\CATTY\TRABAJOS_CV\AGOSTO_2008\REVISIÓN DIVISIÓN POLÍTICA\RECOMPOSICIÓN_SHAPEFILES\17_PICHINCHA\GES-Division Politica 2007-Cantones por provincia-Pichincha\PICHINCHA_CANTONES.shp,DPA_DESCAN,-1,-1,C:\CATTY\TRABAJOS_CV\AGOSTO_2008\REVISIÓN DIVISIÓN POLÍTICA\RECOMPOSICIÓN_SHAPEFILES\18_TUNGURAHUA\GES-Division Politica 2007-Cantones por provincia-Tungurahua\TUNGURAHUA_CANTONES.shp,DPA_DESCAN,-1,-1,C:\CATTY\TRABAJOS_CV\AGOSTO_2008\REVISIÓN DIVISIÓN POLÍTICA\RECOMPOSICIÓN_SHAPEFILES\19_ZAMORA CHINCHIPE\GES-Division Politica 2007-Cantones por provincia-Zamora Chinchipe\ZAMORA_CHINCHIPE_CANTONES.shp,DPA_DESCAN,-1,-1,C:\CATTY\TRABAJOS_CV\AGOSTO_2008\REVISIÓN DIVISIÓN POLÍTICA\RECOMPOSICIÓN_SHAPEFILES\20_GALAPAGOS\GES-Division Politica 2007-Cantones por provincia-Galapagos\GALAPAGOS_CANTONES.shp,DPA_DESCAN,-1,-1,C:\CATTY\TRABAJOS_CV\AGOSTO_2008\REVISIÓN DIVISIÓN POLÍTICA\RECOMPOSICIÓN_SHAPEFILES\21_SUCUMBIOS\GES-Division Politica 2007-Cantones por provincia-Sucumbios\SUCUMBIOS_CANTONES.shp,DPA_DESCAN,-1,-1,C:\CATTY\TRABAJOS_CV\AGOSTO_2008\REVISIÓN DIVISIÓN POLÍTICA\RECOMPOSICIÓN_SHAPEFILES\22_ORELLANA\GES-Division Politica 2007-Cantones por provincia-Orellana\ORELLANA_CANTONES.shp,DPA_DESCAN,-1,-1,C:\CATTY\TRABAJOS_CV\AGOSTO_2008\REVISIÓN DIVISIÓN POLÍTICA\RECOMPOSICIÓN_SHAPEFILES\23_SANTO DOMINGO\GES-Division Politica 2007-Cantones por provincia-Sto Domingo\SANTO_DOMINGO_CANTONES.shp,DPA_DESCAN,-1,-1,C:\CATTY\TRABAJOS_CV\AGOSTO_2008\REVISIÓN DIVISIÓN POLÍTICA\RECOMPOSICIÓN_SHAPEFILES\24_SANTA ELENA\GES-Division Politica 2007-Cantones por provincia-Santa Elena\SANTA_ELENA_CANTONES.shp,DPA_DESCAN,-1,-1;DPA_DESPRO DPA_DESPRO true false false 40 Text 0 0 ,First,#,C:\CATTY\TRABAJOS_CV\AGOSTO_2008\REVISIÓN DIVISIÓN POLÍTICA\RECOMPOSICIÓN_SHAPEFILES\01_AZUAY\GES-Division Politica 2007-Cantones por provincia-Azuay\AZUAY.shp,DPA_DESPRO,-1,-1,C:\CATTY\TRABAJOS_CV\AGOSTO_2008\REVISIÓN DIVISIÓN POLÍTICA\RECOMPOSICIÓN_SHAPEFILES\02_BOLIVAR\GES-Division Politica 2007-Cantones por provincia-Bolivar\BOLIVAR_CANTONES.shp,DPA_DESPRO,-1,-1,C:\CATTY\TRABAJOS_CV\AGOSTO_2008\REVISIÓN DIVISIÓN POLÍTICA\RECOMPOSICIÓN_SHAPEFILES\03_CAÑAR\GES-Division Politica 2007-Cantones por provincia-Caniar\CAÑAR_CANTONAL.shp,DPA_DESPRO,-1,-1,C:\CATTY\TRABAJOS_CV\AGOSTO_2008\REVISIÓN DIVISIÓN POLÍTICA\RECOMPOSICIÓN_SHAPEFILES\04_CARCHI\GES-Division Politica 2007-Cantones por provincia-Carchi\CARCHI_CANTONAL.shp,DPA_DESPRO,-1,-1,C:\CATTY\TRABAJOS_CV\AGOSTO_2008\REVISIÓN DIVISIÓN POLÍTICA\RECOMPOSICIÓN_SHAPEFILES\05_COTOPAXI\GES-Division Politica 2007-Cantones por provincia-Cotopaxi\COTOPAXI_CANTONES.shp,DPA_DESPRO,-1,-1,C:\CATTY\TRABAJOS_CV\AGOSTO_2008\REVISIÓN DIVISIÓN POLÍTICA\RECOMPOSICIÓN_SHAPEFILES\06_CHIMBORAZO\GES-Division Politica 2007-Cantones por provincia-Chimborazo\CHIMBORAZO_CANTONES.shp,DPA_DESPRO,-1,-1,C:\CATTY\TRABAJOS_CV\AGOSTO_2008\REVISIÓN DIVISIÓN POLÍTICA\RECOMPOSICIÓN_SHAPEFILES\07_EL ORO\GES-Division Politica 2007-Cantones por provincia-El Oro\EL_ORO_CANTONAL.shp,DPA_DESPRO,-1,-1,C:\CATTY\TRABAJOS_CV\AGOSTO_2008\REVISIÓN DIVISIÓN POLÍTICA\RECOMPOSICIÓN_SHAPEFILES\08_ESMERALDAS\GES-Division Politica 2007-Cantones por provincia-Esmeraldas\ESMERALDAS_CANTONES.shp,DPA_DESPRO,-1,-1,C:\CATTY\TRABAJOS_CV\AGOSTO_2008\REVISIÓN DIVISIÓN POLÍTICA\RECOMPOSICIÓN_SHAPEFILES\09_GUAYAS\GES-Division Politica 2007-Cantones por provincia-Guayas\GUAYAS_CANTONAL.shp,DPA_DESPRO,-1,-1,C:\CATTY\TRABAJOS_CV\AGOSTO_2008\REVISIÓN DIVISIÓN POLÍTICA\RECOMPOSICIÓN_SHAPEFILES\10_IMBABURA\GES-Division Politica 2007-Cantones por provincia-Imbabura\IMBABURA_CANTONES.shp,DPA_DESPRO,-1,-1,C:\CATTY\TRABAJOS_CV\AGOSTO_2008\REVISIÓN DIVISIÓN POLÍTICA\RECOMPOSICIÓN_SHAPEFILES\11_LOJA\GES-Division Politica 2007-Cantones por provincia-Loja\LOJA_CANTONES.shp,DPA_DESPRO,-1,-1,C:\CATTY\TRABAJOS_CV\AGOSTO_2008\REVISIÓN DIVISIÓN POLÍTICA\RECOMPOSICIÓN_SHAPEFILES\12_LOS RIOS\GES-Division Politica 2007-Cantones por provincia-Los Rios\LOS_RIOS_CANTONES.shp,DPA_DESPRO,-1,-1,C:\CATTY\TRABAJOS_CV\AGOSTO_2008\REVISIÓN DIVISIÓN POLÍTICA\RECOMPOSICIÓN_SHAPEFILES\13_MANABI\GES-Division Politica 2007-Cantones por provincia-Manabi\MANABI_CANTONES.shp,DPA_DESPRO,-1,-1,C:\CATTY\TRABAJOS_CV\AGOSTO_2008\REVISIÓN DIVISIÓN POLÍTICA\RECOMPOSICIÓN_SHAPEFILES\14_MORONA SANTIAGO\GES-Division Politica 2007-Cantones por provincia-Morona Santiago\MORONA_SANTIAGO_CANTONES.shp,DPA_DESPRO,-1,-1,C:\CATTY\TRABAJOS_CV\AGOSTO_2008\REVISIÓN DIVISIÓN POLÍTICA\RECOMPOSICIÓN_SHAPEFILES\15_NAPO\GES-Division Politica 2007-Cantones por provincia-Napo\NAPO_CANTONES.shp,DPA_DESPRO,-1,-1,C:\CATTY\TRABAJOS_CV\AGOSTO_2008\REVISIÓN DIVISIÓN POLÍTICA\RECOMPOSICIÓN_SHAPEFILES\16_PASTAZA\GES-Division Politica 2007-Cantones por provincia-Pastaza\PASTAZA_CANTONES.shp,DPA_DESPRO,-1,-1,C:\CATTY\TRABAJOS_CV\AGOSTO_2008\REVISIÓN DIVISIÓN POLÍTICA\RECOMPOSICIÓN_SHAPEFILES\17_PICHINCHA\GES-Division Politica 2007-Cantones por provincia-Pichincha\PICHINCHA_CANTONES.shp,DPA_DESPRO,-1,-1,C:\CATTY\TRABAJOS_CV\AGOSTO_2008\REVISIÓN DIVISIÓN POLÍTICA\RECOMPOSICIÓN_SHAPEFILES\18_TUNGURAHUA\GES-Division Politica 2007-Cantones por provincia-Tungurahua\TUNGURAHUA_CANTONES.shp,DPA_DESPRO,-1,-1,C:\CATTY\TRABAJOS_CV\AGOSTO_2008\REVISIÓN DIVISIÓN POLÍTICA\RECOMPOSICIÓN_SHAPEFILES\19_ZAMORA CHINCHIPE\GES-Division Politica 2007-Cantones por provincia-Zamora Chinchipe\ZAMORA_CHINCHIPE_CANTONES.shp,DPA_DESPRO,-1,-1,C:\CATTY\TRABAJOS_CV\AGOSTO_2008\REVISIÓN DIVISIÓN POLÍTICA\RECOMPOSICIÓN_SHAPEFILES\20_GALAPAGOS\GES-Division Politica 2007-Cantones por provincia-Galapagos\GALAPAGOS_CANTONES.shp,DPA_DESPRO,-1,-1,C:\CATTY\TRABAJOS_CV\AGOSTO_2008\REVISIÓN DIVISIÓN POLÍTICA\RECOMPOSICIÓN_SHAPEFILES\21_SUCUMBIOS\GES-Division Politica 2007-Cantones por provincia-Sucumbios\SUCUMBIOS_CANTONES.shp,DPA_DESPRO,-1,-1,C:\CATTY\TRABAJOS_CV\AGOSTO_2008\REVISIÓN DIVISIÓN POLÍTICA\RECOMPOSICIÓN_SHAPEFILES\22_ORELLANA\GES-Division Politica 2007-Cantones por provincia-Orellana\ORELLANA_CANTONES.shp,DPA_DESPRO,-1,-1,C:\CATTY\TRABAJOS_CV\AGOSTO_2008\REVISIÓN DIVISIÓN POLÍTICA\RECOMPOSICIÓN_SHAPEFILES\23_SANTO DOMINGO\GES-Division Politica 2007-Cantones por provincia-Sto Domingo\SANTO_DOMINGO_CANTONES.shp,DPA_DESPRO,-1,-1,C:\CATTY\TRABAJOS_CV\AGOSTO_2008\REVISIÓN DIVISIÓN POLÍTICA\RECOMPOSICIÓN_SHAPEFILES\24_SANTA ELENA\GES-Division Politica 2007-Cantones por provincia-Santa Elena\SANTA_ELENA_CANTONES.shp,DPA_DESPRO,-1,-1"</Process><Process Name="Dissolve_9" ToolSource="C:\Archivos de programa\ArcGIS\ArcToolbox\Toolboxes\Data Management Tools.tbx\Dissolve" Date="20080828" Time="141013">Dissolve "NACIONAL POR CANTONES" C:\CATTY\mini_papelera\RECOMPOSICION_SHP_DPA2007\NACIONALPORCANTONES_Dissolve2.shp DPA_PROVIN # MULTI_PART</Process><Process ToolSource="c:\program files\arcgis\pro\Resources\ArcToolbox\toolboxes\Conversion Tools.tbx\FeatureClassToFeatureClass" Date="20201214" Time="190805">FeatureClassToFeatureClass NACIONAL_POR_PROVINCIAS D:\R\rayshader_ggplot ecu.shp # "DPA_PROVIN "DPA_PROVIN" true true false 10 Text 0 0,First,#,NACIONAL_POR_PROVINCIAS,DPA_PROVIN,0,10;DPA_DESPRO "DPA_DESPRO" true true false 50 Text 0 0,First,#,NACIONAL_POR_PROVINCIAS,DPA_DESPRO,0,50" #</Process><Process ToolSource="c:\program files\arcgis\pro\Resources\ArcToolbox\toolboxes\Data Management Tools.tbx\UpdateSchema" Date="20201214" Time="191522">UpdateSchema "CIMDATA=&lt;CIMStandardDataConnection xsi:type='typens:CIMStandardDataConnection' xmlns:xsi='http://www.w3.org/2001/XMLSchema-instance' xmlns:xs='http://www.w3.org/2001/XMLSchema' xmlns:typens='http://www.esri.com/schemas/ArcGIS/2.6.0'&gt;&lt;WorkspaceConnectionString&gt;DATABASE=D:\R\rayshader_ggplot&lt;/WorkspaceConnectionString&gt;&lt;WorkspaceFactory&gt;Shapefile&lt;/WorkspaceFactory&gt;&lt;Dataset&gt;ecu&lt;/Dataset&gt;&lt;DatasetType&gt;esriDTFeatureClass&lt;/DatasetType&gt;&lt;/CIMStandardDataConnection&gt;" &lt;operationSequence&gt;&lt;workflow&gt;&lt;AddField&gt;&lt;field_name&gt;POB&lt;/field_name&gt;&lt;field_type&gt;DOUBLE&lt;/field_type&gt;&lt;field_is_nullable&gt;False&lt;/field_is_nullable&gt;&lt;field_is_required&gt;False&lt;/field_is_required&gt;&lt;/AddField&gt;&lt;/workflow&gt;&lt;workflow&gt;&lt;AddField&gt;&lt;field_name&gt;COV&lt;/field_name&gt;&lt;field_type&gt;DOUBLE&lt;/field_type&gt;&lt;field_is_nullable&gt;False&lt;/field_is_nullable&gt;&lt;field_is_required&gt;False&lt;/field_is_required&gt;&lt;/AddField&gt;&lt;/workflow&gt;&lt;/operationSequence&gt;</Process><Process ToolSource="c:\program files\arcgis\pro\Resources\ArcToolbox\Toolboxes\Data Management Tools.tbx\UpdateSchema" Date="20201214" Time="201940">UpdateSchema "CIMDATA=&lt;CIMStandardDataConnection xsi:type='typens:CIMStandardDataConnection' xmlns:xsi='http://www.w3.org/2001/XMLSchema-instance' xmlns:xs='http://www.w3.org/2001/XMLSchema' xmlns:typens='http://www.esri.com/schemas/ArcGIS/2.6.0'&gt;&lt;WorkspaceConnectionString&gt;DATABASE=D:\R\rayshader_ggplot&lt;/WorkspaceConnectionString&gt;&lt;WorkspaceFactory&gt;Shapefile&lt;/WorkspaceFactory&gt;&lt;Dataset&gt;ecu.shp&lt;/Dataset&gt;&lt;DatasetType&gt;esriDTFeatureClass&lt;/DatasetType&gt;&lt;/CIMStandardDataConnection&gt;" &lt;operationSequence&gt;&lt;workflow&gt;&lt;AddField&gt;&lt;field_name&gt;AN&lt;/field_name&gt;&lt;field_type&gt;DOUBLE&lt;/field_type&gt;&lt;field_is_nullable&gt;False&lt;/field_is_nullable&gt;&lt;field_is_required&gt;False&lt;/field_is_required&gt;&lt;/AddField&gt;&lt;/workflow&gt;&lt;/operationSequence&gt;</Process></lineage><itemProps><itemName Sync="TRUE">ecu</itemName><imsContentType Sync="TRUE">002</imsContentType><itemSize Sync="TRUE">0.000</itemSize><itemLocation><linkage Sync="TRUE">file://\\DESKTOP-97KJABP\D$\R\rayshader_ggplot\ecu.shp</linkage><protocol Sync="TRUE">Local Area Network</protocol></itemLocation></itemProps><coordRef><type Sync="TRUE">Projected</type><geogcsn Sync="TRUE">GCS_Provisional_S_American_1956</geogcsn><csUnits Sync="TRUE">Linear Unit: Meter (1.000000)</csUnits><projcsn Sync="TRUE">PSAD_1956_UTM_Zone_17S</projcsn><peXml Sync="TRUE">&lt;ProjectedCoordinateSystem xsi:type='typens:ProjectedCoordinateSystem' xmlns:xsi='http://www.w3.org/2001/XMLSchema-instance' xmlns:xs='http://www.w3.org/2001/XMLSchema' xmlns:typens='http://www.esri.com/schemas/ArcGIS/2.6.0'&gt;&lt;WKT&gt;PROJCS[&amp;quot;PSAD_1956_UTM_Zone_17S&amp;quot;,GEOGCS[&amp;quot;GCS_Provisional_S_American_1956&amp;quot;,DATUM[&amp;quot;D_Provisional_S_American_1956&amp;quot;,SPHEROID[&amp;quot;International_1924&amp;quot;,6378388.0,297.0]],PRIMEM[&amp;quot;Greenwich&amp;quot;,0.0],UNIT[&amp;quot;Degree&amp;quot;,0.0174532925199433]],PROJECTION[&amp;quot;Transverse_Mercator&amp;quot;],PARAMETER[&amp;quot;False_Easting&amp;quot;,500000.0],PARAMETER[&amp;quot;False_Northing&amp;quot;,10000000.0],PARAMETER[&amp;quot;Central_Meridian&amp;quot;,-81.0],PARAMETER[&amp;quot;Scale_Factor&amp;quot;,0.9996],PARAMETER[&amp;quot;Latitude_Of_Origin&amp;quot;,0.0],UNIT[&amp;quot;Meter&amp;quot;,1.0],AUTHORITY[&amp;quot;EPSG&amp;quot;,24877]]&lt;/WKT&gt;&lt;XOrigin&gt;-5121200&lt;/XOrigin&gt;&lt;YOrigin&gt;1600&lt;/YOrigin&gt;&lt;XYScale&gt;450432031.86214745&lt;/XYScale&gt;&lt;ZOrigin&gt;-100000&lt;/ZOrigin&gt;&lt;ZScale&gt;10000&lt;/ZScale&gt;&lt;MOrigin&gt;-100000&lt;/MOrigin&gt;&lt;MScale&gt;10000&lt;/MScale&gt;&lt;XYTolerance&gt;0.001&lt;/XYTolerance&gt;&lt;ZTolerance&gt;0.001&lt;/ZTolerance&gt;&lt;MTolerance&gt;0.001&lt;/MTolerance&gt;&lt;HighPrecision&gt;true&lt;/HighPrecision&gt;&lt;WKID&gt;24877&lt;/WKID&gt;&lt;LatestWKID&gt;24877&lt;/LatestWKID&gt;&lt;/ProjectedCoordinateSystem&gt;</peXml></coordRef></DataProperties><SyncDate>20201214</SyncDate><SyncTime>19080500</SyncTime><ModDate>20201214</ModDate><ModTime>19080500</ModTime><MetaID>{84D0E1F8-7766-4F49-AEE3-95A2F926CB5A}</MetaID></Esri><idinfo><native Sync="TRUE">Microsoft Windows XP Version 5.1 (Build 2600) Service Pack 3; ESRI ArcCatalog 9.1.0.722</native><descript><langdata Sync="TRUE">es</langdata><abstract>REQUIRED: A brief narrative summary of the data set.</abstract><purpose>REQUIRED: A summary of the intentions with which the data set was developed.</purpose></descript><citation><citeinfo><origin>REQUIRED: The name of an organization or individual that developed the data set.</origin><pubdate>REQUIRED: The date when the data set is published or otherwise made available for release.</pubdate><title Sync="TRUE">NACIONALPORCANTONES_Dissolve2</title><ftname Sync="TRUE">NACIONALPORCANTONES_Dissolve2</ftname><geoform Sync="TRUE">vector digital data</geoform><onlink Sync="TRUE"></onlink></citeinfo></citation><timeperd><current>REQUIRED: The basis on which the time period of content information is determined.</current><timeinfo><sngdate><caldate>REQUIRED: The year (and optionally month, or month and day) for which the data set corresponds to the ground.</caldate></sngdate></timeinfo></timeperd><status><progress>REQUIRED: The state of the data set.</progress><update>REQUIRED: The frequency with which changes and additions are made to the data set after the initial data set is completed.</update></status><spdom><bounding><westbc Sync="TRUE">REQUIRED: Western-most coordinate of the limit of coverage expressed in longitude.</westbc><eastbc Sync="TRUE">REQUIRED: Eastern-most coordinate of the limit of coverage expressed in longitude.</eastbc><northbc Sync="TRUE">REQUIRED: Northern-most coordinate of the limit of coverage expressed in latitude.</northbc><southbc Sync="TRUE">REQUIRED: Southern-most coordinate of the limit of coverage expressed in latitude.</southbc></bounding></spdom><keywords><theme><themekt>REQUIRED: Reference to a formally registered thesaurus or a similar authoritative source of theme keywords.</themekt><themekey>REQUIRED: Common-use word or phrase used to describe the subject of the data set.</themekey></theme></keywords><accconst>REQUIRED: Restrictions and legal prerequisites for accessing the data set.</accconst><useconst>REQUIRED: Restrictions and legal prerequisites for using the data set after access is granted.</useconst><natvform Sync="TRUE">Shapefile</natvform></idinfo><dataIdInfo><envirDesc Sync="TRUE">Microsoft Windows 10 Version 10.0 (Build 19041) ; Esri ArcGIS 12.6.3.24783</envirDesc><dataLang><languageCode Sync="TRUE" value="eng"></languageCode><countryCode value="USA" Sync="TRUE"></countryCode></dataLang><idCitation><resTitle Sync="TRUE">ecu</resTitle><presForm><PresFormCd Sync="TRUE" value="005"></PresFormCd></presForm></idCitation><spatRpType><SpatRepTypCd Sync="TRUE" value="001"></SpatRepTypCd></spatRpType></dataIdInfo><metainfo><langmeta Sync="TRUE">es</langmeta><metstdn Sync="TRUE">FGDC Content Standards for Digital Geospatial Metadata</metstdn><metstdv Sync="TRUE">FGDC-STD-001-1998</metstdv><mettc Sync="TRUE">local time</mettc><metc><cntinfo><cntorgp><cntper>REQUIRED: The person responsible for the metadata information.</cntper><cntorg>REQUIRED: The organization responsible for the metadata information.</cntorg></cntorgp><cntaddr><addrtype>REQUIRED: The mailing and/or physical address for the organization or individual.</addrtype><city>REQUIRED: The city of the address.</city><state>REQUIRED: The state or province of the address.</state><postal>REQUIRED: The ZIP or other postal code of the address.</postal></cntaddr><cntvoice>REQUIRED: The telephone number by which individuals can speak to the organization or individual.</cntvoice></cntinfo></metc><metd Sync="TRUE">20080828</metd></metainfo><mdLang><languageCode Sync="TRUE" value="eng"></languageCode><countryCode value="USA" Sync="TRUE"></countryCode></mdLang><mdStanName Sync="TRUE">ISO 19115 Geographic Information - Metadata</mdStanName><mdStanVer Sync="TRUE">DIS_ESRI1.0</mdStanVer><mdChar><CharSetCd Sync="TRUE" value="004"></CharSetCd></mdChar><mdHrLv><ScopeCd Sync="TRUE" value="005"></ScopeCd></mdHrLv><mdHrLvName Sync="TRUE">dataset</mdHrLvName><distinfo><resdesc Sync="TRUE">Downloadable Data</resdesc><stdorder><digform><digtinfo><transize Sync="TRUE">0,000</transize><dssize Sync="TRUE">0,000</dssize></digtinfo></digform></stdorder></distinfo><distInfo><distributor><distorTran><onLineSrc><orDesc Sync="TRUE">002</orDesc><linkage Sync="TRUE">file://</linkage><protocol Sync="TRUE">Local Area Network</protocol></onLineSrc><transSize Sync="TRUE">0,000</transSize></distorTran><distorFormat><formatName Sync="TRUE">Shapefile</formatName></distorFormat></distributor><distFormat><formatName Sync="TRUE">Shapefile</formatName></distFormat><distTranOps><transSize Sync="TRUE">0.000</transSize></distTranOps></distInfo><spdoinfo><direct Sync="TRUE">Vector</direct><ptvctinf><esriterm Name="ecu"><efeatyp Sync="TRUE">Simple</efeatyp><efeageom code="4" Sync="TRUE"></efeageom><esritopo Sync="TRUE">FALSE</esritopo><efeacnt Sync="TRUE">0</efeacnt><spindex Sync="TRUE">FALSE</spindex><linrefer Sync="TRUE">FALSE</linrefer></esriterm></ptvctinf></spdoinfo><spref><horizsys><cordsysn><geogcsn Sync="TRUE">GCS_Provisional_S_American_1956</geogcsn><projcsn Sync="TRUE">PSAD_1956_UTM_Zone_17S</projcsn></cordsysn><planar><planci><plance Sync="TRUE">coordinate pair</plance><plandu Sync="TRUE">meters</plandu><coordrep><absres Sync="TRUE">0.000405</absres><ordres Sync="TRUE">0.000405</ordres></coordrep></planci></planar><geodetic><horizdn Sync="TRUE">D_Provisional_S_American_1956</horizdn><ellips Sync="TRUE">International_1924</ellips><semiaxis Sync="TRUE">6378388.000000</semiaxis><denflat Sync="TRUE">297.000000</denflat></geodetic></horizsys></spref><refSysInfo><RefSystem><refSysID><identCode Sync="TRUE" code="24877">PSAD_1956_UTM_Zone_17S</identCode><idCodeSpace Sync="TRUE">EPSG</idCodeSpace><idVersion Sync="TRUE">2.1(3.0.1)</idVersion></refSysID></RefSystem></refSysInfo><spatRepInfo><VectSpatRep><geometObjs Name="ecu"><geoObjTyp><GeoObjTypCd value="002" Sync="TRUE"></GeoObjTypCd></geoObjTyp><geoObjCnt Sync="TRUE">0</geoObjCnt></geometObjs><topLvl><TopoLevCd value="001" Sync="TRUE"></TopoLevCd></topLvl></VectSpatRep></spatRepInfo><eainfo><detailed Name="ecu"><enttyp><enttypl Sync="TRUE">ecu</enttypl><enttypt Sync="TRUE">Feature Class</enttypt><enttypc Sync="TRUE">0</enttypc></enttyp><attr><attrlabl Sync="TRUE">FID</attrlabl><attalias Sync="TRUE">FID</attalias><attrtype Sync="TRUE">OID</attrtype><attwidth Sync="TRUE">4</attwidth><atprecis Sync="TRUE">0</atprecis><attscale Sync="TRUE">0</attscale><attrdef Sync="TRUE">Internal feature number.</attrdef><attrdefs Sync="TRUE">ESRI</attrdefs><attrdomv><udom Sync="TRUE">Sequential unique whole numbers that are automatically generated.</udom></attrdomv></attr><attr><attrlabl Sync="TRUE">Shape</attrlabl><attalias Sync="TRUE">Shape</attalias><attrtype Sync="TRUE">Geometry</attrtype><attwidth Sync="TRUE">0</attwidth><atprecis Sync="TRUE">0</atprecis><attscale Sync="TRUE">0</attscale><attrdef Sync="TRUE">Feature geometry.</attrdef><attrdefs Sync="TRUE">ESRI</attrdefs><attrdomv><udom Sync="TRUE">Coordinates defining the features.</udom></attrdomv></attr><attr><attrlabl Sync="TRUE">DPA_PROVIN</attrlabl><attalias Sync="TRUE">DPA_PROVIN</attalias><attrtype Sync="TRUE">String</attrtype><attwidth Sync="TRUE">10</attwidth><atprecis Sync="TRUE">0</atprecis><attscale Sync="TRUE">0</attscale></attr><attr><attrlabl Sync="TRUE">DPA_DESPRO</attrlabl><attalias Sync="TRUE">DPA_DESPRO</attalias><attrtype Sync="TRUE">String</attrtype><attwidth Sync="TRUE">50</attwidth><atprecis Sync="TRUE">0</atprecis><attscale Sync="TRUE">0</attscale></attr></detailed></eainfo><mdDateSt Sync="TRUE">20201214</mdDateSt><dataqual><lineage><procstep><procdesc Sync="TRUE">Dataset copied.</procdesc><srcused Sync="TRUE"></srcused><date Sync="TRUE">20080828</date><time Sync="TRUE">14324400</time></procstep></lineage></dataqual></metadata>
