system:index,band_number,date,sensor,timestamp,.geo
LC08_010063_20180619,1,2018-06-19,Landsat-8,1.529421986473E12,"{""type"":""MultiPoint"",""coordinates"":[]}"
LC08_010063_20180907,2,2018-09-07,Landsat-8,1.536334025364E12,"{""type"":""MultiPoint"",""coordinates"":[]}"
LC08_010063_20190606,3,2019-06-06,Landsat-8,1.559834836201E12,"{""type"":""MultiPoint"",""coordinates"":[]}"
LC08_010063_20190825,4,2019-08-25,Landsat-8,1.56674686074E12,"{""type"":""MultiPoint"",""coordinates"":[]}"
LC08_010063_20190926,5,2019-09-26,Landsat-8,1.569511670177E12,"{""type"":""MultiPoint"",""coordinates"":[]}"
LC08_010063_20200421,6,2020-04-21,Landsat-8,1.587482823048E12,"{""type"":""MultiPoint"",""coordinates"":[]}"
LC08_010063_20200811,7,2020-08-11,Landsat-8,1.597159648561E12,"{""type"":""MultiPoint"",""coordinates"":[]}"
LC08_010063_20200827,8,2020-08-27,Landsat-8,1.598542057258E12,"{""type"":""MultiPoint"",""coordinates"":[]}"
LC08_010063_20200912,9,2020-09-12,Landsat-8,1.599924463888E12,"{""type"":""MultiPoint"",""coordinates"":[]}"
LC08_010063_20210526,10,2021-05-26,Landsat-8,1.622042831972E12,"{""type"":""MultiPoint"",""coordinates"":[]}"
LC08_010063_20210627,11,2021-06-27,Landsat-8,1.624807643205E12,"{""type"":""MultiPoint"",""coordinates"":[]}"
LC08_010063_20211001,12,2021-10-01,Landsat-8,1.633102071711E12,"{""type"":""MultiPoint"",""coordinates"":[]}"
LC08_010063_20220614,13,2022-06-14,Landsat-8,1.655220460055E12,"{""type"":""MultiPoint"",""coordinates"":[]}"
LC08_010063_20220902,14,2022-09-02,Landsat-8,1.662132481433E12,"{""type"":""MultiPoint"",""coordinates"":[]}"
LC08_010063_20220918,15,2022-09-18,Landsat-8,1.663514888668E12,"{""type"":""MultiPoint"",""coordinates"":[]}"
LC08_010063_20221105,16,2022-11-05,Landsat-8,1.667662088333E12,"{""type"":""MultiPoint"",""coordinates"":[]}"
