system:index,band_number,date,sensor,timestamp,.geo
20190422T153629_20190422T153625_T17MQR,1,2019-04-22,Sentinel-2,1.555947867E12,"{""type"":""MultiPoint"",""coordinates"":[]}"
20190517T153621_20190517T154349_T17MQR,2,2019-05-17,Sentinel-2,1.558107864E12,"{""type"":""MultiPoint"",""coordinates"":[]}"
20190527T153621_20190527T153622_T17MQR,3,2019-05-27,Sentinel-2,1.558971863E12,"{""type"":""MultiPoint"",""coordinates"":[]}"
20190711T153629_20190711T153627_T17MQR,4,2019-07-11,Sentinel-2,1.562859869363E12,"{""type"":""MultiPoint"",""coordinates"":[]}"
20190919T153619_20190919T154034_T17MQR,5,2019-09-19,Sentinel-2,1.568907859705E12,"{""type"":""MultiPoint"",""coordinates"":[]}"
20190929T153619_20190929T154216_T17MQR,6,2019-09-29,Sentinel-2,1.569771860935E12,"{""type"":""MultiPoint"",""coordinates"":[]}"
20191004T153621_20191004T153621_T17MQR,7,2019-10-04,Sentinel-2,1.570203862682E12,"{""type"":""MultiPoint"",""coordinates"":[]}"
20200122T153611_20200122T153612_T17MQR,8,2020-01-22,Sentinel-2,1.579707854047E12,"{""type"":""MultiPoint"",""coordinates"":[]}"
20200127T153609_20200127T153611_T17MQR,9,2020-01-27,Sentinel-2,1.580139853174E12,"{""type"":""MultiPoint"",""coordinates"":[]}"
20200206T153619_20200206T153613_T17MQR,10,2020-02-06,Sentinel-2,1.581003854635E12,"{""type"":""MultiPoint"",""coordinates"":[]}"
20200421T153621_20200421T154337_T17MQR,11,2020-04-21,Sentinel-2,1.58748386165E12,"{""type"":""MultiPoint"",""coordinates"":[]}"
20200610T153631_20200610T154258_T17MQR,12,2020-06-10,Sentinel-2,1.591803866847E12,"{""type"":""MultiPoint"",""coordinates"":[]}"
20200824T153619_20200824T154230_T17MQR,13,2020-08-24,Sentinel-2,1.598283864051E12,"{""type"":""MultiPoint"",""coordinates"":[]}"
20200829T153621_20200829T154210_T17MQR,14,2020-08-29,Sentinel-2,1.598715865623E12,"{""type"":""MultiPoint"",""coordinates"":[]}"
20201102T153619_20201102T154334_T17MQR,15,2020-11-02,Sentinel-2,1.604331863116E12,"{""type"":""MultiPoint"",""coordinates"":[]}"
20201117T153621_20201117T154056_T17MQR,16,2020-11-17,Sentinel-2,1.605627863547E12,"{""type"":""MultiPoint"",""coordinates"":[]}"
20210131T153619_20210131T153618_T17MQR,17,2021-01-31,Sentinel-2,1.612107860225E12,"{""type"":""MultiPoint"",""coordinates"":[]}"
20210526T153621_20210526T153620_T17MQR,18,2021-05-26,Sentinel-2,1.622043861293E12,"{""type"":""MultiPoint"",""coordinates"":[]}"
20210610T153619_20210610T154022_T17MQR,19,2021-06-10,Sentinel-2,1.623339861629E12,"{""type"":""MultiPoint"",""coordinates"":[]}"
20210705T153621_20210705T154215_T17MQR,20,2021-07-05,Sentinel-2,1.625499863084E12,"{""type"":""MultiPoint"",""coordinates"":[]}"
20210824T153621_20210824T154356_T17MQR,21,2021-08-24,Sentinel-2,1.629819862594E12,"{""type"":""MultiPoint"",""coordinates"":[]}"
20210903T153621_20210903T154145_T17MQR,22,2021-09-03,Sentinel-2,1.630683861486E12,"{""type"":""MultiPoint"",""coordinates"":[]}"
20210908T153619_20210908T154118_T17MQR,23,2021-09-08,Sentinel-2,1.631115857026E12,"{""type"":""MultiPoint"",""coordinates"":[]}"
20210928T153619_20210928T154233_T17MQR,24,2021-09-28,Sentinel-2,1.632843859595E12,"{""type"":""MultiPoint"",""coordinates"":[]}"
20211013T153621_20211013T153809_T17MQR,25,2021-10-13,Sentinel-2,1.634139865964E12,"{""type"":""MultiPoint"",""coordinates"":[]}"
20220615T153619_20220615T154006_T17MQR,26,2022-06-15,Sentinel-2,1.655307864199E12,"{""type"":""MultiPoint"",""coordinates"":[]}"
20220814T153619_20220814T153828_T17MQR,27,2022-08-14,Sentinel-2,1.660491863553E12,"{""type"":""MultiPoint"",""coordinates"":[]}"
20220824T153619_20220824T154259_T17MQR,28,2022-08-24,Sentinel-2,1.661355860828E12,"{""type"":""MultiPoint"",""coordinates"":[]}"
20220908T153631_20220908T153735_T17MQR,29,2022-09-08,Sentinel-2,1.662651871745E12,"{""type"":""MultiPoint"",""coordinates"":[]}"
20220918T153631_20220918T153627_T17MQR,30,2022-09-18,Sentinel-2,1.663515868988E12,"{""type"":""MultiPoint"",""coordinates"":[]}"
20220928T153631_20220928T154216_T17MQR,31,2022-09-28,Sentinel-2,1.66437986786E12,"{""type"":""MultiPoint"",""coordinates"":[]}"
20221202T153619_20221202T154352_T17MQR,32,2022-12-02,Sentinel-2,1.669995858531E12,"{""type"":""MultiPoint"",""coordinates"":[]}"
20221227T153621_20221227T153718_T17MQR,33,2022-12-27,Sentinel-2,1.672155859124E12,"{""type"":""MultiPoint"",""coordinates"":[]}"
