DateTime,Temp,Rain
01/05/2019 0:00,15.87,0
01/05/2019 1:00,15.9,0
01/05/2019 2:00,15.82,0
01/05/2019 3:00,15.72,0
01/05/2019 4:00,15.28,0
01/05/2019 5:00,12.7,0
01/05/2019 6:00,10.37,0
01/05/2019 7:00,16.1,0
01/05/2019 8:00,16.73,0
01/05/2019 9:00,17.5,0
01/05/2019 10:00,18.43,0
01/05/2019 11:00,18.55,0
01/05/2019 12:00,18,0
01/05/2019 13:00,18.52,0
01/05/2019 14:00,19.28,0
01/05/2019 15:00,20.7,0
01/05/2019 16:00,20.87,0
01/05/2019 17:00,19.95,0
01/05/2019 18:00,17.63,0
01/05/2019 19:00,16.57,0
01/05/2019 20:00,16.22,0
01/05/2019 21:00,16.18,0
01/05/2019 22:00,14.8,0.2
01/05/2019 23:00,14.85,0.6
02/05/2019 0:00,15.38,0
02/05/2019 1:00,15.68,0
02/05/2019 2:00,15.55,0
02/05/2019 3:00,15.32,0
02/05/2019 4:00,15.12,0
02/05/2019 5:00,14.97,0
02/05/2019 6:00,,0
02/05/2019 7:00,15.9,0
02/05/2019 8:00,16.88,0
02/05/2019 9:00,17.65,0
02/05/2019 10:00,17.28,0
02/05/2019 11:00,17.82,0
02/05/2019 12:00,18.23,0
02/05/2019 13:00,18.57,0
02/05/2019 14:00,18.52,0
02/05/2019 15:00,19.12,0
02/05/2019 16:00,19.28,0
02/05/2019 17:00,18.95,0
02/05/2019 18:00,17.02,0
02/05/2019 19:00,16.6,0
02/05/2019 20:00,16.58,0
02/05/2019 21:00,16.68,0
02/05/2019 22:00,16.5,0
02/05/2019 23:00,16.62,0
03/05/2019 0:00,16.52,0
03/05/2019 1:00,16.4,0
03/05/2019 2:00,16.4,0
03/05/2019 3:00,16.23,0
03/05/2019 4:00,15.87,0
03/05/2019 5:00,15.6,0
03/05/2019 6:00,,0
03/05/2019 7:00,16.38,0
03/05/2019 8:00,16.78,0
03/05/2019 9:00,17.82,0
03/05/2019 10:00,17.5,0
03/05/2019 11:00,17.78,0
03/05/2019 12:00,17.88,0.2
03/05/2019 13:00,18.13,0
03/05/2019 14:00,17.32,0.6
03/05/2019 15:00,16.78,0.2
03/05/2019 16:00,16.88,0
03/05/2019 17:00,16.77,0
03/05/2019 18:00,15.83,0
03/05/2019 19:00,15.47,0
03/05/2019 20:00,15.48,0
03/05/2019 21:00,15.03,0
03/05/2019 22:00,13.95,0
03/05/2019 23:00,13.32,0
04/05/2019 0:00,12.17,0
04/05/2019 1:00,10.95,0
04/05/2019 2:00,10.18,0
04/05/2019 3:00,9.75,0
04/05/2019 4:00,9.22,0
04/05/2019 5:00,8.88,0
04/05/2019 6:00,9.3,0
04/05/2019 7:00,11.67,0
04/05/2019 8:00,12.67,0
04/05/2019 9:00,13.2,0
04/05/2019 10:00,13.67,0
04/05/2019 11:00,14.52,0
04/05/2019 12:00,14.08,0
04/05/2019 13:00,13.77,0
04/05/2019 14:00,13.2,0
04/05/2019 15:00,12.68,0
04/05/2019 16:00,14.92,0
04/05/2019 17:00,16.9,0
04/05/2019 18:00,15.78,0
04/05/2019 19:00,15.83,0
04/05/2019 20:00,15.67,0
04/05/2019 21:00,14.43,0
04/05/2019 22:00,14.13,0
04/05/2019 23:00,13.98,0.8
05/05/2019 0:00,14.1,1.4
05/05/2019 1:00,14.33,1.4
05/05/2019 2:00,13.92,1.8
05/05/2019 3:00,14.28,1
05/05/2019 4:00,14.9,1
05/05/2019 5:00,14.6,0
05/05/2019 6:00,,0
05/05/2019 7:00,,0
05/05/2019 8:00,15.45,2
05/05/2019 9:00,16.53,0
05/05/2019 10:00,18.03,0
05/05/2019 11:00,17.7,0
05/05/2019 12:00,16.13,0.6
05/05/2019 13:00,16.3,0.4
05/05/2019 14:00,16.03,0.6
05/05/2019 15:00,17,0
05/05/2019 16:00,17.08,0
05/05/2019 17:00,16.6,0
05/05/2019 18:00,16.28,0
05/05/2019 19:00,16.23,0
05/05/2019 20:00,16.25,0
05/05/2019 21:00,16.08,0
05/05/2019 22:00,15.73,0
05/05/2019 23:00,15.1,0.2
06/05/2019 0:00,14.5,0.4
06/05/2019 1:00,14.17,1.2
06/05/2019 2:00,13.85,0.8
06/05/2019 3:00,14.02,0.2
06/05/2019 4:00,14.98,0.2
06/05/2019 5:00,,0
06/05/2019 6:00,,0
06/05/2019 7:00,15.15,0.6
06/05/2019 8:00,15.88,0.2
06/05/2019 9:00,16.82,1.4
06/05/2019 10:00,17.12,2
06/05/2019 11:00,17.65,1.2
06/05/2019 12:00,18.1,0.8
06/05/2019 13:00,17.77,0.8
06/05/2019 14:00,17.17,1.2
06/05/2019 15:00,16.92,0.6
06/05/2019 16:00,16.37,1.2
06/05/2019 17:00,15.95,0.8
06/05/2019 18:00,15.83,0.4
06/05/2019 19:00,15.33,2
06/05/2019 20:00,15.2,1
06/05/2019 21:00,15.25,1
06/05/2019 22:00,15.38,0.2
06/05/2019 23:00,15.65,0.2
07/05/2019 0:00,15.65,0.4
07/05/2019 1:00,15.33,1.4
07/05/2019 2:00,14.95,1.4
07/05/2019 3:00,15.03,1.6
07/05/2019 4:00,14.78,0.8
07/05/2019 5:00,14.9,0
07/05/2019 6:00,,0
07/05/2019 7:00,15.58,0.2
07/05/2019 8:00,15.65,0.6
07/05/2019 9:00,16.13,0.2
07/05/2019 10:00,16.4,1
07/05/2019 11:00,17.12,1
07/05/2019 12:00,17.1,1.4
07/05/2019 13:00,17.17,0.8
07/05/2019 14:00,17.32,0
07/05/2019 15:00,17.8,0
07/05/2019 16:00,16.17,0.8
07/05/2019 17:00,15.97,0
07/05/2019 18:00,15.28,0
07/05/2019 19:00,14.98,0
07/05/2019 20:00,14.72,0
07/05/2019 21:00,14.05,0
07/05/2019 22:00,13.62,0
07/05/2019 23:00,13.37,0
08/05/2019 0:00,13.92,0
08/05/2019 1:00,14.8,0
08/05/2019 2:00,15.07,0
08/05/2019 3:00,14.62,0
08/05/2019 4:00,14.78,0
08/05/2019 5:00,14.6,0
08/05/2019 6:00,,0
08/05/2019 7:00,,0
08/05/2019 8:00,15.27,0.4
08/05/2019 9:00,16.18,0
08/05/2019 10:00,17.78,0
08/05/2019 11:00,16.95,0.2
08/05/2019 12:00,18.55,0
08/05/2019 13:00,19.07,0
08/05/2019 14:00,17.67,0
08/05/2019 15:00,17.6,0
08/05/2019 16:00,18.63,0
08/05/2019 17:00,19.25,0
08/05/2019 18:00,16.52,0
08/05/2019 19:00,15.13,0
08/05/2019 20:00,14.85,0
08/05/2019 21:00,14.53,0
08/05/2019 22:00,14.02,0
08/05/2019 23:00,13.2,0
09/05/2019 0:00,12.97,0
09/05/2019 1:00,12.75,0
09/05/2019 2:00,13.1,0
09/05/2019 3:00,13.03,0
09/05/2019 4:00,13.35,0
09/05/2019 5:00,11.38,0
09/05/2019 6:00,,0
09/05/2019 7:00,,0
09/05/2019 8:00,14.52,0
09/05/2019 9:00,16.2,0
09/05/2019 10:00,17.53,0
09/05/2019 11:00,17.83,0
09/05/2019 12:00,17.68,0
09/05/2019 13:00,19.43,0
09/05/2019 14:00,20.6,0
09/05/2019 15:00,21.08,0
09/05/2019 16:00,19.97,0
09/05/2019 17:00,18.88,0
09/05/2019 18:00,16.75,0
09/05/2019 19:00,15.63,0
09/05/2019 20:00,15.42,0
09/05/2019 21:00,15.32,0
09/05/2019 22:00,14.23,0
09/05/2019 23:00,13.67,0
10/05/2019 0:00,13.1,0
10/05/2019 1:00,12.78,0
10/05/2019 2:00,12.72,0
10/05/2019 3:00,12.4,0
10/05/2019 4:00,12.1,0
10/05/2019 5:00,10.87,0
10/05/2019 6:00,10.23,0
10/05/2019 7:00,11.27,0
10/05/2019 8:00,15.77,0
10/05/2019 9:00,17.9,0
10/05/2019 10:00,19.68,0
10/05/2019 11:00,22.23,0
10/05/2019 12:00,23.35,0
10/05/2019 13:00,24.47,0
10/05/2019 14:00,24.23,0
10/05/2019 15:00,23.82,0
10/05/2019 16:00,23.23,0
10/05/2019 17:00,22.22,0
10/05/2019 18:00,18.73,0
10/05/2019 19:00,16.7,0
10/05/2019 20:00,16.23,0
10/05/2019 21:00,14.58,0
10/05/2019 22:00,13.67,0
10/05/2019 23:00,12.93,0
11/05/2019 0:00,12.27,0
11/05/2019 1:00,11.67,0
11/05/2019 2:00,11.1,0
11/05/2019 3:00,10.55,0
11/05/2019 4:00,10.18,0
11/05/2019 5:00,9.88,0
11/05/2019 6:00,10.7,0
11/05/2019 7:00,12.48,0
11/05/2019 8:00,13.28,0
11/05/2019 9:00,15.7,0
11/05/2019 10:00,20.2,0
11/05/2019 11:00,22.82,0
11/05/2019 12:00,23.4,0
11/05/2019 13:00,23.97,0
11/05/2019 14:00,24.15,0
11/05/2019 15:00,24.35,0
11/05/2019 16:00,23.82,0
11/05/2019 17:00,21.55,0
11/05/2019 18:00,19.25,0
11/05/2019 19:00,17.45,0
11/05/2019 20:00,15.58,0
11/05/2019 21:00,14.68,0
11/05/2019 22:00,14.2,0
11/05/2019 23:00,14.23,0.2
12/05/2019 0:00,14.27,2.6
12/05/2019 1:00,14.23,2.6
12/05/2019 2:00,14.3,0.4
12/05/2019 3:00,14.3,0
12/05/2019 4:00,14.33,0.4
12/05/2019 5:00,14.25,0
12/05/2019 6:00,,0
12/05/2019 7:00,,0
12/05/2019 8:00,,0
12/05/2019 9:00,,0
12/05/2019 10:00,,0
12/05/2019 11:00,,0
12/05/2019 12:00,18.1,3.6
12/05/2019 13:00,17.28,1.2
12/05/2019 14:00,16.42,0.4
12/05/2019 15:00,16.57,0.2
12/05/2019 16:00,17.5,0
12/05/2019 17:00,17.05,0
12/05/2019 18:00,15.33,0
12/05/2019 19:00,14.45,0
12/05/2019 20:00,13.67,0
12/05/2019 21:00,13.1,0
12/05/2019 22:00,13.1,0
12/05/2019 23:00,13.13,0
13/05/2019 0:00,13.23,0
13/05/2019 1:00,13.35,0
13/05/2019 2:00,13.35,0
13/05/2019 3:00,13.28,0.2
13/05/2019 4:00,13.23,0
13/05/2019 5:00,12.8,0
13/05/2019 6:00,,0
13/05/2019 7:00,,0
13/05/2019 8:00,14.62,0.6
13/05/2019 9:00,15.73,0
13/05/2019 10:00,17.75,0
13/05/2019 11:00,17.25,0.2
13/05/2019 12:00,16.98,0
13/05/2019 13:00,17.42,0.4
13/05/2019 14:00,16.77,0.2
13/05/2019 15:00,16.22,0.2
13/05/2019 16:00,17.32,0
13/05/2019 17:00,16.87,0
13/05/2019 18:00,15.63,0
13/05/2019 19:00,14.95,0
13/05/2019 20:00,14.93,0
13/05/2019 21:00,15.05,0
13/05/2019 22:00,14.97,0
13/05/2019 23:00,14.87,0.4
14/05/2019 0:00,14.1,0
14/05/2019 1:00,13.77,0.4
14/05/2019 2:00,13.68,0.2
14/05/2019 3:00,13.65,0.4
14/05/2019 4:00,13.52,0.6
14/05/2019 5:00,13.1,0
14/05/2019 6:00,,0
14/05/2019 7:00,13.88,1.2
14/05/2019 8:00,14.05,2.8
14/05/2019 9:00,14.98,1.8
14/05/2019 10:00,16.12,1.8
14/05/2019 11:00,17.02,0.6
14/05/2019 12:00,17.48,0.2
14/05/2019 13:00,18.73,0
14/05/2019 14:00,18.07,0.4
14/05/2019 15:00,17.8,0
14/05/2019 16:00,17.03,0
14/05/2019 17:00,15.58,0.2
14/05/2019 18:00,14.98,0
14/05/2019 19:00,14.57,0
14/05/2019 20:00,14.52,0
14/05/2019 21:00,14.32,0.6
14/05/2019 22:00,13.7,0.6
14/05/2019 23:00,13.45,0.4
15/05/2019 0:00,13.52,1.2
15/05/2019 1:00,13.32,0.4
15/05/2019 2:00,13.23,0.2
15/05/2019 3:00,13.42,0.4
15/05/2019 4:00,14.27,0
15/05/2019 5:00,13.8,0
15/05/2019 6:00,,0
15/05/2019 7:00,13.88,1
15/05/2019 8:00,15,1.6
15/05/2019 9:00,15.6,1.6
15/05/2019 10:00,15.68,1.2
15/05/2019 11:00,17.2,0.2
15/05/2019 12:00,17.88,0.2
15/05/2019 13:00,16.78,0.6
15/05/2019 14:00,15.97,0.4
15/05/2019 15:00,15.53,0.2
15/05/2019 16:00,15.27,0.2
15/05/2019 17:00,14.47,0.8
15/05/2019 18:00,13.78,0.6
15/05/2019 19:00,13.78,0.6
15/05/2019 20:00,14.13,0
15/05/2019 21:00,14.6,0
15/05/2019 22:00,14.48,0
15/05/2019 23:00,14.7,0
16/05/2019 0:00,14.63,0
16/05/2019 1:00,14.6,0
16/05/2019 2:00,14.43,0
16/05/2019 3:00,14.32,0
16/05/2019 4:00,13.78,0
16/05/2019 5:00,,0
16/05/2019 6:00,,0
16/05/2019 7:00,,0
16/05/2019 8:00,17.75,0
16/05/2019 9:00,18.62,0
16/05/2019 10:00,19.78,0
16/05/2019 11:00,19.88,0
16/05/2019 12:00,19.77,0
16/05/2019 13:00,20.4,0
16/05/2019 14:00,20.08,0
16/05/2019 15:00,19.05,0
16/05/2019 16:00,19.38,0
16/05/2019 17:00,19.08,0
16/05/2019 18:00,15.68,0
16/05/2019 19:00,14.83,0
16/05/2019 20:00,14.62,0
16/05/2019 21:00,14.8,0
16/05/2019 22:00,14.87,0
16/05/2019 23:00,14.92,0
17/05/2019 0:00,13.93,0
17/05/2019 1:00,12.97,0
17/05/2019 2:00,12.53,0
17/05/2019 3:00,13.07,0
17/05/2019 4:00,12.85,0
17/05/2019 5:00,12.2,0
17/05/2019 6:00,,0
17/05/2019 7:00,10.6,0
17/05/2019 8:00,13.7,0
17/05/2019 9:00,16.85,0
17/05/2019 10:00,19.65,0
17/05/2019 11:00,22.17,0
17/05/2019 12:00,23.07,0
17/05/2019 13:00,24.07,0
17/05/2019 14:00,23.62,0
17/05/2019 15:00,22.83,0
17/05/2019 16:00,21,0
17/05/2019 17:00,20.47,0
17/05/2019 18:00,17.77,0
17/05/2019 19:00,15.52,0
17/05/2019 20:00,14.32,0
17/05/2019 21:00,13.15,0
17/05/2019 22:00,12.3,0
17/05/2019 23:00,11.55,0
18/05/2019 0:00,11.15,0
18/05/2019 1:00,10.48,0
18/05/2019 2:00,10.75,0
18/05/2019 3:00,10.85,0
18/05/2019 4:00,11.08,0
18/05/2019 5:00,11.02,0
18/05/2019 6:00,9.43,0
18/05/2019 7:00,12.35,0
18/05/2019 8:00,13.17,0
18/05/2019 9:00,14.33,0
18/05/2019 10:00,16.82,0
18/05/2019 11:00,20.52,0
18/05/2019 12:00,23.85,0
18/05/2019 13:00,24.03,0
18/05/2019 14:00,24.38,0
18/05/2019 15:00,24.12,0
18/05/2019 16:00,21.47,0
18/05/2019 17:00,20.03,0
18/05/2019 18:00,17.37,0
18/05/2019 19:00,15.97,0
18/05/2019 20:00,16.07,0
18/05/2019 21:00,15.88,0
18/05/2019 22:00,15.58,0
18/05/2019 23:00,15.38,0
19/05/2019 0:00,15.3,0
19/05/2019 1:00,15,0
19/05/2019 2:00,14.45,0
19/05/2019 3:00,13.47,0
19/05/2019 4:00,13.23,0
19/05/2019 5:00,12.8,0
19/05/2019 6:00,,0
19/05/2019 7:00,14.25,0
19/05/2019 8:00,16.12,0
19/05/2019 9:00,18.1,0
19/05/2019 10:00,20.03,0
19/05/2019 11:00,21.47,0
19/05/2019 12:00,21.98,0
19/05/2019 13:00,22.08,0
19/05/2019 14:00,22.67,0
19/05/2019 15:00,23.38,0
19/05/2019 16:00,21.43,0
19/05/2019 17:00,18.2,9.4
19/05/2019 18:00,15.6,0.8
19/05/2019 19:00,15.2,0
19/05/2019 20:00,14.87,0
19/05/2019 21:00,14.57,0
19/05/2019 22:00,14.23,0
19/05/2019 23:00,13.93,0
20/05/2019 0:00,13.77,0
20/05/2019 1:00,13.7,0
20/05/2019 2:00,13.65,0.2
20/05/2019 3:00,13.92,0
20/05/2019 4:00,13.9,0
20/05/2019 5:00,,0
20/05/2019 6:00,,0
20/05/2019 7:00,15.5,0
20/05/2019 8:00,16.5,0
20/05/2019 9:00,18.07,0
20/05/2019 10:00,18.72,0
20/05/2019 11:00,18.97,0
20/05/2019 12:00,21.02,0
20/05/2019 13:00,21.35,0
20/05/2019 14:00,21.22,0
20/05/2019 15:00,21.2,0
20/05/2019 16:00,21.65,0
20/05/2019 17:00,19.73,0
20/05/2019 18:00,16.85,0
20/05/2019 19:00,15.87,0
20/05/2019 20:00,15.08,0
20/05/2019 21:00,14.68,0
20/05/2019 22:00,15.28,0
20/05/2019 23:00,14.3,0
21/05/2019 0:00,14.02,0
21/05/2019 1:00,13.02,0
21/05/2019 2:00,12.33,0
21/05/2019 3:00,12.33,0
21/05/2019 4:00,11.32,0
21/05/2019 5:00,10.17,0
21/05/2019 6:00,10.5,0
21/05/2019 7:00,11.68,0
21/05/2019 8:00,13.1,0
21/05/2019 9:00,15.93,0
21/05/2019 10:00,18.83,0
21/05/2019 11:00,19.53,0
21/05/2019 12:00,19.55,0
21/05/2019 13:00,22.02,0
21/05/2019 14:00,21.78,0
21/05/2019 15:00,21.63,0
21/05/2019 16:00,19.93,0
21/05/2019 17:00,19.08,0
21/05/2019 18:00,17.33,0
21/05/2019 19:00,16.53,0
21/05/2019 20:00,16.38,0
21/05/2019 21:00,16.22,0
21/05/2019 22:00,16.12,0
21/05/2019 23:00,15.88,0
22/05/2019 0:00,15.7,0
22/05/2019 1:00,15.58,0
22/05/2019 2:00,15.37,0
22/05/2019 3:00,14.8,0
22/05/2019 4:00,14.72,0
22/05/2019 5:00,14.43,0
22/05/2019 6:00,,0
22/05/2019 7:00,15.53,0
22/05/2019 8:00,17.02,0
22/05/2019 9:00,18.45,0
22/05/2019 10:00,19.67,0
22/05/2019 11:00,21.48,0
22/05/2019 12:00,21.35,0
22/05/2019 13:00,21.7,0
22/05/2019 14:00,20.65,0
22/05/2019 15:00,20.62,0
22/05/2019 16:00,21,0
22/05/2019 17:00,20.28,0
22/05/2019 18:00,17.52,0
22/05/2019 19:00,15.78,0
22/05/2019 20:00,15.23,0
22/05/2019 21:00,15.08,0
22/05/2019 22:00,15.27,0
22/05/2019 23:00,16.15,0
23/05/2019 0:00,16.33,0
23/05/2019 1:00,16.27,0
23/05/2019 2:00,15.45,0
23/05/2019 3:00,14.08,0
23/05/2019 4:00,13.4,0
23/05/2019 5:00,13.05,0
23/05/2019 6:00,,0
23/05/2019 7:00,,0
23/05/2019 8:00,16.85,0
23/05/2019 9:00,17.67,0
23/05/2019 10:00,19.15,0
23/05/2019 11:00,19.95,0
23/05/2019 12:00,21.33,0
23/05/2019 13:00,22.27,0
23/05/2019 14:00,22.07,0
23/05/2019 15:00,22.85,0
23/05/2019 16:00,23.15,0
23/05/2019 17:00,19.12,0
23/05/2019 18:00,16.85,0
23/05/2019 19:00,15.7,0
23/05/2019 20:00,15.7,0
23/05/2019 21:00,14.78,0
23/05/2019 22:00,14.05,0
23/05/2019 23:00,15.03,0
24/05/2019 0:00,15.25,0.2
24/05/2019 1:00,14.48,0
24/05/2019 2:00,14.22,0
24/05/2019 3:00,14.72,0
24/05/2019 4:00,14.62,0
24/05/2019 5:00,,0
24/05/2019 6:00,,0
24/05/2019 7:00,,0
24/05/2019 8:00,15.76,0.4
24/05/2019 9:00,17.05,0.2
24/05/2019 10:00,16.3,0.8
24/05/2019 11:00,19.15,0
24/05/2019 12:00,20.4,0
24/05/2019 13:00,18.8,0.2
24/05/2019 14:00,20.43,0
24/05/2019 15:00,19.5,0
24/05/2019 16:00,18.82,0
24/05/2019 17:00,18.13,0
24/05/2019 18:00,16.97,0
24/05/2019 19:00,16.25,0
24/05/2019 20:00,16.1,0
24/05/2019 21:00,15.48,0
24/05/2019 22:00,14.95,0
24/05/2019 23:00,14.52,0
25/05/2019 0:00,14.32,0
25/05/2019 1:00,14.18,0.6
25/05/2019 2:00,14.05,0.4
25/05/2019 3:00,13.87,1
25/05/2019 4:00,13.87,1
25/05/2019 5:00,14.25,0
25/05/2019 6:00,,0
25/05/2019 7:00,,0
25/05/2019 8:00,15.9,0
25/05/2019 9:00,18.07,0
25/05/2019 10:00,18.97,0
25/05/2019 11:00,19.33,0
25/05/2019 12:00,19.6,0
25/05/2019 13:00,19.58,0
25/05/2019 14:00,20.62,0
25/05/2019 15:00,21.38,0
25/05/2019 16:00,20.2,0
25/05/2019 17:00,17.5,0
25/05/2019 18:00,16.32,0.2
25/05/2019 19:00,15.12,0.6
25/05/2019 20:00,14.77,0.2
25/05/2019 21:00,14.48,0.2
25/05/2019 22:00,14.37,0
25/05/2019 23:00,14.27,0.2
26/05/2019 0:00,14,0
26/05/2019 1:00,14.2,0
26/05/2019 2:00,14.7,0
26/05/2019 3:00,14.82,0
26/05/2019 4:00,14.4,0
26/05/2019 5:00,12.95,0
26/05/2019 6:00,10.62,0
26/05/2019 7:00,10.9,0
26/05/2019 8:00,11.53,0
26/05/2019 9:00,12.48,0
26/05/2019 10:00,12.42,0
26/05/2019 11:00,13.12,0
26/05/2019 12:00,12.97,0
26/05/2019 13:00,12.93,0
26/05/2019 14:00,13.33,0
26/05/2019 15:00,16.27,0
26/05/2019 16:00,17.72,0
26/05/2019 17:00,16.92,0
26/05/2019 18:00,15.67,0
26/05/2019 19:00,14.85,0
26/05/2019 20:00,14.47,0
26/05/2019 21:00,14.85,0
26/05/2019 22:00,14.53,0
26/05/2019 23:00,13.52,0
27/05/2019 0:00,12.87,0
27/05/2019 1:00,12.77,0
27/05/2019 2:00,12.65,0
27/05/2019 3:00,12.42,0
27/05/2019 4:00,12.05,0
27/05/2019 5:00,11.55,0.2
27/05/2019 6:00,,0
27/05/2019 7:00,13.2,0
27/05/2019 8:00,13.92,0
27/05/2019 9:00,16.68,0
27/05/2019 10:00,20.15,0
27/05/2019 11:00,23.12,0
27/05/2019 12:00,24.78,0
27/05/2019 13:00,24.38,0
27/05/2019 14:00,23.53,0
27/05/2019 15:00,22.63,0
27/05/2019 16:00,22.95,0
27/05/2019 17:00,19.98,0
27/05/2019 18:00,17.65,0
27/05/2019 19:00,15.9,0
27/05/2019 20:00,15.47,0
27/05/2019 21:00,14.8,0
27/05/2019 22:00,14.15,0
27/05/2019 23:00,13.37,0
28/05/2019 0:00,13.02,0
28/05/2019 1:00,13.23,0
28/05/2019 2:00,13.3,0
28/05/2019 3:00,13.02,0
28/05/2019 4:00,13.27,0.6
28/05/2019 5:00,12.9,0
28/05/2019 6:00,,0
28/05/2019 7:00,,0
28/05/2019 8:00,16.6,0
28/05/2019 9:00,19.08,0
28/05/2019 10:00,20.03,0
28/05/2019 11:00,20.27,0
28/05/2019 12:00,21.5,0
28/05/2019 13:00,20.52,0
28/05/2019 14:00,21.47,0
28/05/2019 15:00,22.7,0
28/05/2019 16:00,21.35,0
28/05/2019 17:00,21.08,0
28/05/2019 18:00,18.02,0
28/05/2019 19:00,15.62,0
28/05/2019 20:00,14.97,0
28/05/2019 21:00,14.12,0
28/05/2019 22:00,13.43,0
28/05/2019 23:00,13.33,0
29/05/2019 0:00,13.37,0
29/05/2019 1:00,13.47,0.2
29/05/2019 2:00,13.3,0
29/05/2019 3:00,13.18,0
29/05/2019 4:00,13.3,0.2
29/05/2019 5:00,13.25,1.2
29/05/2019 6:00,,0
29/05/2019 7:00,,0
29/05/2019 8:00,15.45,0.6
29/05/2019 9:00,17.53,0
29/05/2019 10:00,18.27,0.2
29/05/2019 11:00,18.95,0
29/05/2019 12:00,17.97,0.2
29/05/2019 13:00,18.9,0
29/05/2019 14:00,19.12,0.4
29/05/2019 15:00,17.53,0.6
29/05/2019 16:00,18.93,0
29/05/2019 17:00,16.93,0.2
29/05/2019 18:00,14.65,0.6
29/05/2019 19:00,14.38,0
29/05/2019 20:00,15.08,0.2
29/05/2019 21:00,15.07,0.2
29/05/2019 22:00,15.13,0
29/05/2019 23:00,14.58,0.2
30/05/2019 0:00,14.32,0
30/05/2019 1:00,14.2,0
30/05/2019 2:00,13.97,0
30/05/2019 3:00,13.95,0.2
30/05/2019 4:00,13.53,0
30/05/2019 5:00,,0
30/05/2019 6:00,,0
30/05/2019 7:00,14.6,0
30/05/2019 8:00,15.45,0
30/05/2019 9:00,16.7,0
30/05/2019 10:00,19.03,0
30/05/2019 11:00,20.47,0
30/05/2019 12:00,21.08,0
30/05/2019 13:00,20.5,0
30/05/2019 14:00,21.27,0
30/05/2019 15:00,22.48,0
30/05/2019 16:00,19.93,0
30/05/2019 17:00,18.17,0
30/05/2019 18:00,16.33,0
30/05/2019 19:00,15.3,0
30/05/2019 20:00,14.7,0
30/05/2019 21:00,13.83,0
30/05/2019 22:00,13.05,0
30/05/2019 23:00,12.43,0
31/05/2019 0:00,12.23,0
31/05/2019 1:00,12.18,0
31/05/2019 2:00,12.07,0
31/05/2019 3:00,12.22,0
31/05/2019 4:00,12.28,0
31/05/2019 5:00,,0
31/05/2019 6:00,,0
31/05/2019 7:00,,0
31/05/2019 8:00,,0
31/05/2019 9:00,,0
31/05/2019 10:00,,0
31/05/2019 11:00,20.32,0
31/05/2019 12:00,21.83,0
31/05/2019 13:00,22.58,0
31/05/2019 14:00,22.18,0
31/05/2019 15:00,20.87,0
31/05/2019 16:00,20.85,0
31/05/2019 17:00,18.03,0
31/05/2019 18:00,16.5,0
31/05/2019 19:00,15.82,0
31/05/2019 20:00,15.57,0
31/05/2019 21:00,15.27,0
31/05/2019 22:00,14.93,0
31/05/2019 23:00,14.4,0
01/06/2019 0:00,14.3,0
01/06/2019 1:00,14.32,0
01/06/2019 2:00,14.22,0
01/06/2019 3:00,14.12,0
01/06/2019 4:00,13.58,0.6
01/06/2019 5:00,11.06,0
01/06/2019 6:00,,0
01/06/2019 7:00,,0
01/06/2019 8:00,15.54,0
01/06/2019 9:00,18.08,0
01/06/2019 10:00,19.3,0
01/06/2019 11:00,21.1,0
01/06/2019 12:00,21.43,0
01/06/2019 13:00,18.18,2.4
01/06/2019 14:00,17.37,0.2
01/06/2019 15:00,17.4,0
01/06/2019 16:00,18.68,0
01/06/2019 17:00,18.43,0
01/06/2019 18:00,17.03,0
01/06/2019 19:00,15.95,0
01/06/2019 20:00,15.35,0
01/06/2019 21:00,14.72,0
01/06/2019 22:00,13.82,0
01/06/2019 23:00,13.28,0
02/06/2019 0:00,13,0
02/06/2019 1:00,12.65,0
02/06/2019 2:00,12.25,0
02/06/2019 3:00,11.97,0
02/06/2019 4:00,11.78,0
02/06/2019 5:00,11.35,0.2
02/06/2019 6:00,10.33,0
02/06/2019 7:00,10.83,0
02/06/2019 8:00,11.53,0
02/06/2019 9:00,12.55,0
02/06/2019 10:00,12.17,0
02/06/2019 11:00,13.53,0
02/06/2019 12:00,13.25,0
02/06/2019 13:00,13.95,0
02/06/2019 14:00,15.05,0
02/06/2019 15:00,14.12,0
02/06/2019 16:00,13.55,0
02/06/2019 17:00,12.53,0
02/06/2019 18:00,11.72,0
02/06/2019 19:00,11.22,0
02/06/2019 20:00,11.03,0
02/06/2019 21:00,11.1,0
02/06/2019 22:00,11.08,0
02/06/2019 23:00,11.17,0
03/06/2019 0:00,11.12,0
03/06/2019 1:00,11.28,0
03/06/2019 2:00,11.3,0
03/06/2019 3:00,11.17,0
03/06/2019 4:00,10.85,0
03/06/2019 5:00,10.82,0
03/06/2019 6:00,10.87,0
03/06/2019 7:00,13.82,0.2
03/06/2019 8:00,16.05,0.4
03/06/2019 9:00,16.9,0
03/06/2019 10:00,17.2,0.2
03/06/2019 11:00,18.53,0
03/06/2019 12:00,17.13,1.2
03/06/2019 13:00,17.32,0
03/06/2019 14:00,17.9,0
03/06/2019 15:00,16.15,0.4
03/06/2019 16:00,16.87,0
03/06/2019 17:00,16.37,0
03/06/2019 18:00,15.92,0
03/06/2019 19:00,15.78,0
03/06/2019 20:00,15.65,0
03/06/2019 21:00,15.3,0
03/06/2019 22:00,15.57,0
03/06/2019 23:00,15.53,0
04/06/2019 0:00,14.92,0
04/06/2019 1:00,14.98,0.4
04/06/2019 2:00,15.02,0
04/06/2019 3:00,15.08,0
04/06/2019 4:00,14.67,0.4
04/06/2019 5:00,14.57,0.2
04/06/2019 6:00,,0
04/06/2019 7:00,14.73,1.2
04/06/2019 8:00,15.05,0.8
04/06/2019 9:00,15.43,0.4
04/06/2019 10:00,16.03,0.4
04/06/2019 11:00,16.3,1
04/06/2019 12:00,17.2,0.2
04/06/2019 13:00,16.68,1.4
04/06/2019 14:00,17.27,0.8
04/06/2019 15:00,16.67,0.8
04/06/2019 16:00,15.92,0.2
04/06/2019 17:00,15.1,0.8
04/06/2019 18:00,14.75,0.4
04/06/2019 19:00,14.4,1.2
04/06/2019 20:00,14.58,1.2
04/06/2019 21:00,14.27,0.6
04/06/2019 22:00,14.4,0.4
04/06/2019 23:00,14.37,0.8
05/06/2019 0:00,14.45,1
05/06/2019 1:00,14.32,1.6
05/06/2019 2:00,14.42,0.6
05/06/2019 3:00,14.35,0.2
05/06/2019 4:00,14.35,0.6
05/06/2019 5:00,12.2,14.6
05/06/2019 6:00,,0
05/06/2019 7:00,14.45,1.2
05/06/2019 8:00,14.63,0.6
05/06/2019 9:00,16.37,0
05/06/2019 10:00,16.92,0
05/06/2019 11:00,17.17,0
05/06/2019 12:00,17.52,0
05/06/2019 13:00,17.43,0
05/06/2019 14:00,16.57,1
05/06/2019 15:00,15.38,0.6
05/06/2019 16:00,15.28,0
05/06/2019 17:00,15.2,0
05/06/2019 18:00,15.02,0
05/06/2019 19:00,14.95,0
05/06/2019 20:00,14.77,0
05/06/2019 21:00,14.7,0
05/06/2019 22:00,14.73,0
05/06/2019 23:00,14.52,0
06/06/2019 0:00,14.28,0.2
06/06/2019 1:00,14.35,0
06/06/2019 2:00,14.57,0
06/06/2019 3:00,14.58,0
06/06/2019 4:00,14.42,0
06/06/2019 5:00,9.28,0
06/06/2019 6:00,9.15,0
06/06/2019 7:00,9.6,0
06/06/2019 8:00,10.6,0
06/06/2019 9:00,11.32,0
06/06/2019 10:00,12.4,0
06/06/2019 11:00,13.58,0
06/06/2019 12:00,14.13,0
06/06/2019 13:00,14.8,0
06/06/2019 14:00,14.27,0
06/06/2019 15:00,13.48,0
06/06/2019 16:00,12.43,0
06/06/2019 17:00,11.23,0
06/06/2019 18:00,10.32,0
06/06/2019 19:00,9.78,0
06/06/2019 20:00,9.48,0
06/06/2019 21:00,9.05,0
06/06/2019 22:00,8.88,0
06/06/2019 23:00,8.88,0
07/06/2019 0:00,9.25,0
07/06/2019 1:00,9.53,0
07/06/2019 2:00,9.55,0
07/06/2019 3:00,9.2,0
07/06/2019 4:00,8.98,0
07/06/2019 5:00,8.95,0
07/06/2019 6:00,8.93,0
07/06/2019 7:00,9.17,0
07/06/2019 8:00,9.83,0
07/06/2019 9:00,11.87,0
07/06/2019 10:00,14.6,0
07/06/2019 11:00,15.05,0
07/06/2019 12:00,15.6,0
07/06/2019 13:00,14.87,0
07/06/2019 14:00,15.15,0
07/06/2019 15:00,15.75,0
07/06/2019 16:00,18.8,0
07/06/2019 17:00,17.55,0
11/06/2019 11:00,18.78,0
11/06/2019 12:00,17.24,0.2
11/06/2019 13:00,18.55,0
11/06/2019 14:00,18.3,0
11/06/2019 15:00,17.37,0
11/06/2019 16:00,17.58,0
11/06/2019 17:00,17.15,0
11/06/2019 18:00,16.58,0
11/06/2019 19:00,16.13,0
11/06/2019 20:00,16.27,0
11/06/2019 21:00,16.12,0
11/06/2019 22:00,15.85,0
11/06/2019 23:00,15.98,0
12/06/2019 0:00,15.92,0
12/06/2019 1:00,16.02,0
12/06/2019 2:00,15.82,0
12/06/2019 3:00,15.65,0
12/06/2019 4:00,15.55,0
12/06/2019 5:00,15.65,0
12/06/2019 6:00,15.68,0
12/06/2019 7:00,15.55,0
12/06/2019 8:00,15.95,0
12/06/2019 9:00,16.6,0
12/06/2019 10:00,17.03,0
12/06/2019 11:00,16.95,0
12/06/2019 12:00,17.53,0
12/06/2019 13:00,18.15,0
12/06/2019 14:00,18,0
12/06/2019 15:00,17.4,0
12/06/2019 16:00,17.58,0
12/06/2019 17:00,17.2,0
12/06/2019 18:00,16.23,0
12/06/2019 19:00,15.33,0
12/06/2019 20:00,15,0.2
12/06/2019 21:00,14.63,0.6
12/06/2019 22:00,15.12,0
12/06/2019 23:00,16.03,0
13/06/2019 0:00,16.1,0
13/06/2019 1:00,15.87,0
13/06/2019 2:00,15.33,0.2
13/06/2019 3:00,14.82,0
13/06/2019 4:00,15.27,0
13/06/2019 5:00,15.53,0
13/06/2019 6:00,15.8,0
13/06/2019 7:00,15.78,0
13/06/2019 8:00,16.15,0
13/06/2019 9:00,16.65,0
13/06/2019 10:00,17.05,0
13/06/2019 11:00,17.65,0
13/06/2019 12:00,18.38,0
13/06/2019 13:00,18.52,0
13/06/2019 14:00,18.9,0
13/06/2019 15:00,18.77,0
13/06/2019 16:00,18.62,0
13/06/2019 17:00,18.08,0
13/06/2019 18:00,17.05,0
13/06/2019 19:00,16.37,0
13/06/2019 20:00,16.5,0
13/06/2019 21:00,16.65,0
13/06/2019 22:00,16.57,0
13/06/2019 23:00,16.47,0
14/06/2019 0:00,16.27,0
14/06/2019 1:00,15.75,0
14/06/2019 2:00,15.43,0
14/06/2019 3:00,14.25,0
14/06/2019 4:00,13.85,0
14/06/2019 5:00,13.67,0
14/06/2019 6:00,13.98,0
14/06/2019 7:00,15.17,0
14/06/2019 8:00,17.58,0
14/06/2019 9:00,18.95,0
14/06/2019 10:00,18.12,0
14/06/2019 11:00,19.15,0
14/06/2019 12:00,18.97,0
14/06/2019 13:00,19.33,0
14/06/2019 14:00,19.5,0
14/06/2019 15:00,19.17,0
14/06/2019 16:00,19.03,0
14/06/2019 17:00,17.62,0
14/06/2019 18:00,16.95,0
14/06/2019 19:00,16.73,0
14/06/2019 20:00,16.68,0
14/06/2019 21:00,16.35,0
14/06/2019 22:00,15.9,0
14/06/2019 23:00,15.6,0
15/06/2019 0:00,15.45,0
15/06/2019 1:00,15.5,0
15/06/2019 2:00,15.1,0
15/06/2019 3:00,14.57,0
15/06/2019 4:00,14.3,0
15/06/2019 5:00,14.23,0
15/06/2019 6:00,14.33,0
15/06/2019 7:00,14.58,0
15/06/2019 8:00,16.48,0
15/06/2019 9:00,19.13,0
15/06/2019 10:00,18.62,0
15/06/2019 11:00,19.07,0
15/06/2019 12:00,20.67,0
15/06/2019 13:00,21.43,0
15/06/2019 14:00,20.53,0
15/06/2019 15:00,20.63,0
15/06/2019 16:00,19.92,0
15/06/2019 17:00,19.07,0
15/06/2019 18:00,18,0
15/06/2019 19:00,17.38,0
15/06/2019 20:00,17.1,0
15/06/2019 21:00,16.78,0
15/06/2019 22:00,16.13,0
15/06/2019 23:00,15.85,0
16/06/2019 0:00,15.35,0
16/06/2019 1:00,15.33,0
16/06/2019 2:00,15.25,0
16/06/2019 3:00,14.93,0.2
16/06/2019 4:00,14.6,0
16/06/2019 5:00,14.98,0
16/06/2019 6:00,15.67,0
16/06/2019 7:00,15.98,0
16/06/2019 8:00,15.97,0
16/06/2019 9:00,15.88,0.2
16/06/2019 10:00,16.95,0
16/06/2019 11:00,17.7,0
16/06/2019 12:00,18.47,0
16/06/2019 13:00,19,0
16/06/2019 14:00,18.48,0
16/06/2019 15:00,18.42,0
16/06/2019 16:00,17.63,0
16/06/2019 17:00,17.32,0
16/06/2019 18:00,16.85,0
16/06/2019 19:00,16.72,0
16/06/2019 20:00,16.22,0
16/06/2019 21:00,15.78,0
16/06/2019 22:00,16.03,0
16/06/2019 23:00,15.93,0
17/06/2019 0:00,15.42,0
17/06/2019 1:00,15.37,0
17/06/2019 2:00,14.98,0.2
17/06/2019 3:00,15.18,0
17/06/2019 4:00,14.42,1.4
17/06/2019 5:00,14.63,0.4
17/06/2019 6:00,14.83,0.2
17/06/2019 7:00,14.8,0
17/06/2019 8:00,15.52,0
17/06/2019 9:00,15.7,0
17/06/2019 10:00,16.28,0
17/06/2019 11:00,16.18,0
17/06/2019 12:00,16.13,0
17/06/2019 13:00,16.67,0
17/06/2019 14:00,16.77,0
17/06/2019 15:00,16.08,0
17/06/2019 16:00,15.8,0.2
17/06/2019 17:00,14.88,0.6
17/06/2019 18:00,15.17,0
17/06/2019 19:00,15.25,0
17/06/2019 20:00,15.18,0
17/06/2019 21:00,15.2,0
17/06/2019 22:00,15.2,0
17/06/2019 23:00,14.82,0.2
18/06/2019 0:00,14.97,0
18/06/2019 1:00,14.82,0
18/06/2019 2:00,14.58,0.2
18/06/2019 3:00,14.98,0
18/06/2019 4:00,14.93,0
18/06/2019 5:00,14.78,0
18/06/2019 6:00,14.07,0.4
18/06/2019 7:00,14.43,0
18/06/2019 8:00,15.2,0
18/06/2019 9:00,15.62,0
18/06/2019 10:00,16.27,0
18/06/2019 11:00,16.5,0
18/06/2019 12:00,16.62,0
18/06/2019 13:00,16.82,0
18/06/2019 14:00,16.5,0
18/06/2019 15:00,15.75,0.2
18/06/2019 16:00,16.02,0
18/06/2019 17:00,14.9,0.6
18/06/2019 18:00,15.15,0.2
18/06/2019 19:00,15.17,0
18/06/2019 20:00,15.28,0.2
18/06/2019 21:00,15.35,0
18/06/2019 22:00,15.52,0
18/06/2019 23:00,15.38,0
19/06/2019 0:00,15.38,0
19/06/2019 1:00,15.38,0
19/06/2019 2:00,15.3,0
19/06/2019 3:00,15.18,0
19/06/2019 4:00,15.18,0
19/06/2019 5:00,15.03,0
19/06/2019 6:00,14.95,0
19/06/2019 7:00,14.93,0
19/06/2019 8:00,15.27,0
19/06/2019 9:00,15.27,0
19/06/2019 10:00,15.8,0
19/06/2019 11:00,16.18,0
19/06/2019 12:00,16.22,0.2
19/06/2019 13:00,15.67,0
19/06/2019 14:00,15.92,0
19/06/2019 15:00,16.05,0
19/06/2019 16:00,15.15,0.2
19/06/2019 17:00,15.1,0.6
19/06/2019 18:00,15.65,0
19/06/2019 19:00,15.53,0.2
19/06/2019 20:00,16.03,0
19/06/2019 21:00,15.65,0.2
19/06/2019 22:00,14.43,1.4
19/06/2019 23:00,14.62,1
20/06/2019 0:00,15.43,0.4
20/06/2019 1:00,15.9,0
20/06/2019 2:00,14.73,1
20/06/2019 3:00,15.45,0.2
20/06/2019 4:00,15.92,0
20/06/2019 5:00,15.85,0
20/06/2019 6:00,15.28,0.2
20/06/2019 7:00,15.3,0.2
20/06/2019 8:00,15.95,0.2
20/06/2019 9:00,15.67,0.4
20/06/2019 10:00,16.68,0
20/06/2019 11:00,16.8,0.4
20/06/2019 12:00,15.92,0.4
20/06/2019 13:00,15.7,0.2
20/06/2019 14:00,15.45,0.4
20/06/2019 15:00,15.42,0.4
20/06/2019 16:00,14.75,0.8
20/06/2019 17:00,14.82,0.4
20/06/2019 18:00,14.8,0.4
20/06/2019 19:00,15.45,0
20/06/2019 20:00,15.13,0
20/06/2019 21:00,15.33,0
20/06/2019 22:00,15.55,0
20/06/2019 23:00,15.75,0
21/06/2019 0:00,15.85,0
21/06/2019 1:00,15.02,1
21/06/2019 2:00,14.52,0.6
21/06/2019 3:00,15.2,0
21/06/2019 4:00,15.22,0.2
21/06/2019 5:00,14.67,0
21/06/2019 6:00,15.07,0
21/06/2019 7:00,15.22,0
21/06/2019 8:00,15.52,0
21/06/2019 9:00,15.65,0
21/06/2019 10:00,15.58,0
21/06/2019 11:00,15.93,0
21/06/2019 12:00,16.73,0
21/06/2019 13:00,16.48,0
21/06/2019 14:00,16.28,0
21/06/2019 15:00,16.35,0
21/06/2019 16:00,15.9,0
21/06/2019 17:00,15.37,0
21/06/2019 18:00,14.97,0
21/06/2019 19:00,14.85,0
21/06/2019 20:00,14.92,0
21/06/2019 21:00,14.68,0
21/06/2019 22:00,14.65,0
21/06/2019 23:00,14.58,0
22/06/2019 0:00,14.67,0
22/06/2019 1:00,14.7,0
22/06/2019 2:00,14.58,0
22/06/2019 3:00,14.55,0
22/06/2019 4:00,14.43,0
22/06/2019 5:00,14.48,0
22/06/2019 6:00,14.57,0
22/06/2019 7:00,14.72,0
22/06/2019 8:00,15.48,0
22/06/2019 9:00,15.9,0
22/06/2019 10:00,16.03,0
22/06/2019 11:00,16.1,0
22/06/2019 12:00,16.07,0
22/06/2019 13:00,15.7,0
22/06/2019 14:00,15.42,0
22/06/2019 15:00,15.53,0
22/06/2019 16:00,15.35,0
22/06/2019 17:00,15.2,0
22/06/2019 18:00,13.83,0
22/06/2019 19:00,13.62,0
22/06/2019 20:00,13.35,0
22/06/2019 21:00,13.5,0
22/06/2019 22:00,13.27,0
22/06/2019 23:00,13.37,0
23/06/2019 0:00,13.3,0
23/06/2019 1:00,13.33,0
23/06/2019 2:00,13.2,0
23/06/2019 3:00,13.08,0
23/06/2019 4:00,12.87,0
23/06/2019 5:00,13.42,0
23/06/2019 6:00,13.47,0
23/06/2019 7:00,13.95,0
23/06/2019 8:00,14.42,0
23/06/2019 9:00,15.08,0
23/06/2019 10:00,15.03,0
23/06/2019 11:00,15.18,0
23/06/2019 12:00,15.25,0
23/06/2019 13:00,15.08,0
23/06/2019 14:00,14.72,0
23/06/2019 15:00,15.15,0
23/06/2019 16:00,15.13,0
23/06/2019 17:00,15.05,0
23/06/2019 18:00,14.73,0
23/06/2019 19:00,14.35,0
23/06/2019 20:00,14.17,0
23/06/2019 21:00,13.48,0.2
23/06/2019 22:00,12.07,0.4
23/06/2019 23:00,12.25,0.2
24/06/2019 0:00,12.32,0.2
24/06/2019 1:00,12.47,0
24/06/2019 2:00,14,0
24/06/2019 3:00,15.28,0
24/06/2019 4:00,14.95,0
24/06/2019 5:00,14.72,0
24/06/2019 6:00,14.2,0
24/06/2019 7:00,14.38,0
24/06/2019 8:00,14.97,0
24/06/2019 9:00,16.15,0
24/06/2019 10:00,16.72,0
24/06/2019 11:00,17.07,0
24/06/2019 12:00,16.32,0
24/06/2019 13:00,16.85,0
24/06/2019 14:00,18.05,0
24/06/2019 15:00,18.77,0
24/06/2019 16:00,16.88,0
24/06/2019 17:00,16.45,0
24/06/2019 18:00,15.55,0
24/06/2019 19:00,15.57,0
24/06/2019 20:00,15.42,0
24/06/2019 21:00,15.6,0
24/06/2019 22:00,15.65,0
24/06/2019 23:00,14.7,0
25/06/2019 0:00,15.02,0
25/06/2019 1:00,15.28,0
25/06/2019 2:00,14.75,0
25/06/2019 3:00,13.7,0
25/06/2019 4:00,13.43,0
25/06/2019 5:00,12.67,0
25/06/2019 6:00,12.15,0
25/06/2019 7:00,12.9,0
25/06/2019 8:00,14.92,0
25/06/2019 9:00,16.9,0
25/06/2019 10:00,19.7,0
25/06/2019 11:00,21.43,0
25/06/2019 12:00,22.1,0
25/06/2019 13:00,22.27,0
25/06/2019 14:00,22.08,0
25/06/2019 15:00,21.7,0
25/06/2019 16:00,21.48,0
25/06/2019 17:00,20.05,0
25/06/2019 18:00,18.23,0
25/06/2019 19:00,17.38,0
25/06/2019 20:00,17.37,0
25/06/2019 21:00,17.07,0
25/06/2019 22:00,17.1,0
25/06/2019 23:00,16.77,0
26/06/2019 0:00,16.6,0
26/06/2019 1:00,16.57,0
26/06/2019 2:00,16.33,0
26/06/2019 3:00,16.03,0
26/06/2019 4:00,15.95,0
26/06/2019 5:00,16.03,0
26/06/2019 6:00,15.8,0
26/06/2019 7:00,16,0
26/06/2019 8:00,17.35,0
26/06/2019 9:00,17.55,0
26/06/2019 10:00,17.65,0
26/06/2019 11:00,17.65,0
26/06/2019 12:00,18.05,0
26/06/2019 13:00,17.95,0
26/06/2019 14:00,18.17,0
26/06/2019 15:00,18.57,0
26/06/2019 16:00,18.53,0
26/06/2019 17:00,18.3,0
26/06/2019 18:00,17.28,0
26/06/2019 19:00,16.98,0
26/06/2019 20:00,17.15,0
26/06/2019 21:00,16.82,0
26/06/2019 22:00,16.72,0
26/06/2019 23:00,16.87,0
27/06/2019 0:00,16.47,0
27/06/2019 1:00,16.63,0
27/06/2019 2:00,16.55,0
27/06/2019 3:00,16.65,0
27/06/2019 4:00,16.72,0
27/06/2019 5:00,16.38,0
27/06/2019 6:00,16.17,0
27/06/2019 7:00,16.52,0
27/06/2019 8:00,17.5,0
27/06/2019 9:00,17.83,0
27/06/2019 10:00,18.53,0
27/06/2019 11:00,18.75,0
27/06/2019 12:00,18.77,0
27/06/2019 13:00,18.8,0
27/06/2019 14:00,18.83,0
27/06/2019 15:00,18.53,0
27/06/2019 16:00,18.1,0
27/06/2019 17:00,18.2,0
27/06/2019 18:00,17.2,0
27/06/2019 19:00,16.78,0
27/06/2019 20:00,16.53,0
27/06/2019 21:00,16.33,0
27/06/2019 22:00,16.18,0
27/06/2019 23:00,16.17,0
28/06/2019 0:00,16.22,0
28/06/2019 1:00,16,0
28/06/2019 2:00,16.17,0
28/06/2019 3:00,15.83,0
28/06/2019 4:00,15.78,0
28/06/2019 5:00,15.55,0
28/06/2019 6:00,15.35,0.2
28/06/2019 7:00,15.1,0
28/06/2019 8:00,16.47,0
28/06/2019 9:00,17.08,0
28/06/2019 10:00,18.05,0
28/06/2019 11:00,17.67,0
28/06/2019 12:00,17.83,0
28/06/2019 13:00,18.07,0
28/06/2019 14:00,18.02,0
28/06/2019 15:00,17.73,0
28/06/2019 16:00,16.85,0
28/06/2019 17:00,16.2,0
28/06/2019 18:00,15.98,0
28/06/2019 19:00,15.87,0
28/06/2019 20:00,15.92,0
28/06/2019 21:00,16.12,0
28/06/2019 22:00,16.03,0
28/06/2019 23:00,16.17,0
29/06/2019 0:00,16.2,0
29/06/2019 1:00,16.25,0
29/06/2019 2:00,16.12,0
29/06/2019 3:00,15.52,0.2
29/06/2019 4:00,15.8,0
29/06/2019 5:00,15.95,0
29/06/2019 6:00,15.75,0
29/06/2019 7:00,16.18,0
29/06/2019 8:00,17.17,0
29/06/2019 9:00,17.38,0
29/06/2019 10:00,17.08,0.2
29/06/2019 11:00,17.88,0
29/06/2019 12:00,17.65,1
29/06/2019 13:00,16.92,0.2
29/06/2019 14:00,17.48,0
29/06/2019 15:00,16.38,1.2
29/06/2019 16:00,15.05,1
29/06/2019 17:00,14.72,0.4
29/06/2019 18:00,13.53,0.2
29/06/2019 19:00,13.07,0
29/06/2019 20:00,14,0
29/06/2019 21:00,14.6,0
29/06/2019 22:00,15.03,0
29/06/2019 23:00,15.2,0
30/06/2019 0:00,15.1,0
30/06/2019 1:00,14.85,0
30/06/2019 2:00,14.85,0
30/06/2019 3:00,15.12,0
30/06/2019 4:00,15.18,0
30/06/2019 5:00,14.45,0
30/06/2019 6:00,14.22,0
30/06/2019 7:00,14.28,0.2
30/06/2019 8:00,14.78,0.2
30/06/2019 9:00,15.35,0.2
30/06/2019 10:00,15.9,0
30/06/2019 11:00,16.42,0
30/06/2019 12:00,16.82,0
30/06/2019 13:00,17.32,0
30/06/2019 14:00,16.55,0
30/06/2019 15:00,17.22,0
30/06/2019 16:00,17.65,0
30/06/2019 17:00,17.07,0
30/06/2019 18:00,16.67,0
30/06/2019 19:00,15.65,0.2
30/06/2019 20:00,16.23,0
30/06/2019 21:00,16.22,0
30/06/2019 22:00,16.23,0
30/06/2019 23:00,16.02,0
01/07/2019 0:00,16.12,0
01/07/2019 1:00,16,0
01/07/2019 2:00,15.77,0
01/07/2019 3:00,15.35,0
01/07/2019 4:00,15.32,0
01/07/2019 5:00,15.43,0
01/07/2019 6:00,15.45,0
01/07/2019 7:00,15.53,0
01/07/2019 8:00,16.55,0
01/07/2019 9:00,16.93,0
01/07/2019 10:00,16.83,0
01/07/2019 11:00,17.28,0
01/07/2019 12:00,18.23,0
01/07/2019 13:00,17.92,0.2
01/07/2019 14:00,17.73,0
01/07/2019 15:00,18.38,0
01/07/2019 16:00,18.47,0
01/07/2019 17:00,17.12,0
01/07/2019 18:00,15.85,0
01/07/2019 19:00,16.2,0
01/07/2019 20:00,16.13,0
01/07/2019 21:00,16,0
01/07/2019 22:00,15.88,0
01/07/2019 23:00,16.17,0
02/07/2019 0:00,16.08,0
02/07/2019 1:00,15.75,0
02/07/2019 2:00,15.65,0
02/07/2019 3:00,15.45,0
02/07/2019 4:00,15.47,0
02/07/2019 5:00,15.48,0
02/07/2019 6:00,15.45,0
02/07/2019 7:00,15.72,0
02/07/2019 8:00,15.83,0
02/07/2019 9:00,16.48,0
02/07/2019 10:00,17.45,0
02/07/2019 11:00,18.38,0
02/07/2019 12:00,19.4,0
02/07/2019 13:00,19.62,0
02/07/2019 14:00,18.67,0
02/07/2019 15:00,15.92,0
02/07/2019 16:00,16.63,0
02/07/2019 17:00,17.17,0
02/07/2019 18:00,16.08,0
02/07/2019 19:00,15.57,0
02/07/2019 20:00,15.58,0
02/07/2019 21:00,15.55,0
02/07/2019 22:00,15.2,0
02/07/2019 23:00,14.6,0
03/07/2019 0:00,13.27,0
03/07/2019 1:00,12.15,0
03/07/2019 2:00,11.53,0
03/07/2019 3:00,11.03,0
03/07/2019 4:00,10.5,0
03/07/2019 5:00,10.15,0.2
03/07/2019 6:00,9.62,0
03/07/2019 7:00,10.12,0
03/07/2019 8:00,11.68,0
03/07/2019 9:00,14.52,0
03/07/2019 10:00,18.37,0
03/07/2019 11:00,21.82,0
03/07/2019 12:00,23.03,0
03/07/2019 13:00,23.57,0
03/07/2019 14:00,23.85,0
03/07/2019 15:00,23.57,0
03/07/2019 16:00,22.7,0
03/07/2019 17:00,21.65,0
03/07/2019 18:00,19.25,0
03/07/2019 19:00,17.75,0
03/07/2019 20:00,16.97,0
03/07/2019 21:00,16.72,0
03/07/2019 22:00,16.58,0
03/07/2019 23:00,15.62,0
04/07/2019 0:00,14.82,0
04/07/2019 1:00,14.47,0
04/07/2019 2:00,14.02,0
04/07/2019 3:00,13.8,0
04/07/2019 4:00,13.75,0
04/07/2019 5:00,13.88,0
04/07/2019 6:00,15.47,0
04/07/2019 7:00,16.07,0
04/07/2019 8:00,16.58,0
04/07/2019 9:00,17.05,0
04/07/2019 10:00,17.77,0
04/07/2019 11:00,17.85,0
04/07/2019 12:00,18.82,0
04/07/2019 13:00,18.95,0
04/07/2019 14:00,19.55,0
04/07/2019 15:00,20.33,0
04/07/2019 16:00,17.4,0
04/07/2019 17:00,17.87,0
04/07/2019 18:00,16.92,0
04/07/2019 19:00,16.75,0
04/07/2019 20:00,16.53,0
04/07/2019 21:00,16.2,0
04/07/2019 22:00,15.67,0
04/07/2019 23:00,15.63,0
05/07/2019 0:00,14.92,0
05/07/2019 1:00,14.3,0
05/07/2019 2:00,14.05,0
05/07/2019 3:00,13.7,0
05/07/2019 4:00,14.9,0
05/07/2019 5:00,15.07,0
05/07/2019 6:00,15.27,0
05/07/2019 7:00,15.22,0
05/07/2019 8:00,14.93,0
05/07/2019 9:00,15.65,0
05/07/2019 10:00,16.38,0
05/07/2019 11:00,15.93,0
05/07/2019 12:00,16.17,0
05/07/2019 13:00,16.8,0
05/07/2019 14:00,16.53,0
05/07/2019 15:00,16.35,0
05/07/2019 16:00,16.82,0
05/07/2019 17:00,16.08,0
05/07/2019 18:00,16.27,0
05/07/2019 19:00,16.38,0
05/07/2019 20:00,16.32,0
05/07/2019 21:00,16.3,0
05/07/2019 22:00,16.22,0
05/07/2019 23:00,15.28,1.6
06/07/2019 0:00,14.58,2.2
06/07/2019 1:00,14.38,0.6
06/07/2019 2:00,14.35,0
06/07/2019 3:00,14.5,0.2
06/07/2019 4:00,14.3,0.4
06/07/2019 5:00,14.18,1.6
06/07/2019 6:00,14.12,0
06/07/2019 7:00,14.52,0
06/07/2019 8:00,15.07,0.2
06/07/2019 9:00,15.6,0
06/07/2019 10:00,15.7,0.4
06/07/2019 11:00,15.92,0
06/07/2019 12:00,16.48,0.2
06/07/2019 13:00,16.23,0.2
06/07/2019 14:00,16.33,0
06/07/2019 15:00,16.87,0
06/07/2019 16:00,16.5,0
06/07/2019 17:00,15.9,0.2
06/07/2019 18:00,15.57,1.4
06/07/2019 19:00,15.05,0.8
06/07/2019 20:00,14.57,1.2
06/07/2019 21:00,14.3,0.6
06/07/2019 22:00,14.28,0.2
06/07/2019 23:00,14.43,0
07/07/2019 0:00,14.7,0
07/07/2019 1:00,14.53,0.2
07/07/2019 2:00,14.55,0
07/07/2019 3:00,14.35,0
07/07/2019 4:00,14.17,0
07/07/2019 5:00,14.38,0
07/07/2019 6:00,13.87,0
07/07/2019 7:00,13.65,0
07/07/2019 8:00,14.23,0
07/07/2019 9:00,14.37,0.2
07/07/2019 10:00,14.32,0
07/07/2019 11:00,14.87,0
07/07/2019 12:00,15.45,0
07/07/2019 13:00,16.07,0
07/07/2019 14:00,15.93,0
07/07/2019 15:00,15.75,0
07/07/2019 16:00,15.07,0.4
07/07/2019 17:00,14.55,0
07/07/2019 18:00,14.6,0.2
07/07/2019 19:00,14.23,0.6
07/07/2019 20:00,14.13,0
07/07/2019 21:00,14.23,0.4
07/07/2019 22:00,14.17,0.2
07/07/2019 23:00,14.52,0
08/07/2019 0:00,14.47,0.4
08/07/2019 1:00,13.88,0.4
08/07/2019 2:00,13.72,0.2
08/07/2019 3:00,13.67,0.2
08/07/2019 4:00,13.38,1.4
08/07/2019 5:00,13.22,0.8
08/07/2019 6:00,13.08,0.4
08/07/2019 7:00,13.22,0.4
08/07/2019 8:00,13.62,0.2
08/07/2019 9:00,13.98,0.4
08/07/2019 10:00,14.4,0.2
08/07/2019 11:00,15.25,0
08/07/2019 12:00,16.42,0
08/07/2019 13:00,16.48,0
08/07/2019 14:00,15.77,0.2
08/07/2019 15:00,15.25,0.2
08/07/2019 16:00,15.67,0.2
08/07/2019 17:00,14.35,0.8
08/07/2019 18:00,14.08,0.4
08/07/2019 19:00,14.43,0.2
08/07/2019 20:00,14.03,1.2
08/07/2019 21:00,13.3,1.6
08/07/2019 22:00,13.3,1.2
08/07/2019 23:00,13.47,0.6
09/07/2019 0:00,13.45,0.6
09/07/2019 1:00,13.42,0
09/07/2019 2:00,13.47,0.4
09/07/2019 3:00,13.67,0
09/07/2019 4:00,13.87,0
09/07/2019 5:00,13.63,0
09/07/2019 6:00,13.85,0
09/07/2019 7:00,14.02,0
09/07/2019 8:00,14.27,0
09/07/2019 9:00,14.6,0
09/07/2019 10:00,14.95,0
09/07/2019 11:00,15.18,0
09/07/2019 12:00,15.63,0
09/07/2019 13:00,17.03,0
09/07/2019 14:00,15.67,0.6
09/07/2019 15:00,14.6,0.8
09/07/2019 16:00,14.5,1.2
09/07/2019 17:00,15.17,0
09/07/2019 18:00,15.2,0
09/07/2019 19:00,15.03,0
09/07/2019 20:00,14.97,0
09/07/2019 21:00,14.47,0.4
09/07/2019 22:00,14.65,0
09/07/2019 23:00,14.38,0
10/07/2019 0:00,14.23,0
10/07/2019 1:00,14.03,0
10/07/2019 2:00,13.77,0
10/07/2019 3:00,13.68,0
10/07/2019 4:00,13.65,0
10/07/2019 5:00,13.73,0
10/07/2019 6:00,13.72,0
10/07/2019 7:00,13.8,0
10/07/2019 8:00,14.05,0
10/07/2019 9:00,14.5,0
10/07/2019 10:00,15.1,0
10/07/2019 11:00,15.68,0
10/07/2019 12:00,16.17,0
10/07/2019 13:00,16.5,0
10/07/2019 14:00,16.08,0
10/07/2019 15:00,15.82,0
10/07/2019 16:00,16.5,0
10/07/2019 17:00,16.27,0
10/07/2019 18:00,15.75,0
10/07/2019 19:00,15.58,0
10/07/2019 20:00,15.57,0
10/07/2019 21:00,15.33,0
10/07/2019 22:00,15.03,0
10/07/2019 23:00,14.88,0
11/07/2019 0:00,14.82,0
11/07/2019 1:00,14.65,0
11/07/2019 2:00,14.45,0
11/07/2019 3:00,14.27,0
11/07/2019 4:00,13.98,0
11/07/2019 5:00,14.08,0
11/07/2019 6:00,13.93,0
11/07/2019 7:00,14.48,0
11/07/2019 8:00,16.6,0
11/07/2019 9:00,17.75,0
11/07/2019 10:00,18.35,0
11/07/2019 11:00,19.1,0
11/07/2019 12:00,19.35,0
11/07/2019 13:00,19.57,0
11/07/2019 14:00,18.97,0
11/07/2019 15:00,18.7,0
11/07/2019 16:00,17.72,0
11/07/2019 17:00,16.38,0
11/07/2019 18:00,16.35,0
11/07/2019 19:00,15.65,0
11/07/2019 20:00,15.7,0
11/07/2019 21:00,15.37,0
11/07/2019 22:00,15.45,0
11/07/2019 23:00,15.35,0
12/07/2019 0:00,15.1,0
12/07/2019 1:00,15,0
12/07/2019 2:00,15.28,0
12/07/2019 3:00,15.07,0
12/07/2019 4:00,14.85,0
12/07/2019 5:00,14.8,0
12/07/2019 6:00,14.68,0
12/07/2019 7:00,15.02,0
12/07/2019 8:00,16.7,0
12/07/2019 9:00,17.98,0
12/07/2019 10:00,18.65,0
12/07/2019 11:00,18.82,0
12/07/2019 12:00,18.95,0
12/07/2019 13:00,18.82,0
12/07/2019 14:00,18.77,0
12/07/2019 15:00,18.27,0
12/07/2019 16:00,18.48,0
12/07/2019 17:00,16.37,0
12/07/2019 18:00,15.83,0
12/07/2019 19:00,15.9,0
12/07/2019 20:00,15.95,0
12/07/2019 21:00,15.78,0
12/07/2019 22:00,15.85,0
12/07/2019 23:00,15.83,0
13/07/2019 0:00,15.48,0
13/07/2019 1:00,15.28,0
13/07/2019 2:00,15.18,0
13/07/2019 3:00,15.02,0
13/07/2019 4:00,15.05,0
13/07/2019 5:00,15.17,0
13/07/2019 6:00,15.08,0
13/07/2019 7:00,14.98,0
13/07/2019 8:00,15.23,0
13/07/2019 9:00,15.87,0
13/07/2019 10:00,16.62,0
13/07/2019 11:00,16.17,0.2
13/07/2019 12:00,16.87,0
13/07/2019 13:00,17.27,0
13/07/2019 14:00,16.42,0.6
13/07/2019 15:00,15.95,0.4
13/07/2019 16:00,15.1,0.8
13/07/2019 17:00,14.8,0.6
13/07/2019 18:00,14.42,0.8
13/07/2019 19:00,14.2,0
13/07/2019 20:00,14.32,0.2
13/07/2019 21:00,14.18,1.6
13/07/2019 22:00,13.92,0.8
13/07/2019 23:00,13.92,0
14/07/2019 0:00,13.87,0.6
14/07/2019 1:00,13.7,0.2
14/07/2019 2:00,13.68,0.4
14/07/2019 3:00,13.62,0.2
14/07/2019 4:00,13.63,0.2
14/07/2019 5:00,13.72,0.6
14/07/2019 6:00,13.72,0.4
14/07/2019 7:00,13.9,0.6
14/07/2019 8:00,14.17,1
14/07/2019 9:00,14.52,0.8
14/07/2019 10:00,14.53,1
14/07/2019 11:00,14.87,2.2
14/07/2019 12:00,15.55,0.4
14/07/2019 13:00,15.63,0.4
14/07/2019 14:00,15.68,0.4
14/07/2019 15:00,15.52,0
14/07/2019 16:00,16.42,0
14/07/2019 17:00,15.72,0
14/07/2019 18:00,15.02,0
14/07/2019 19:00,15.05,0
14/07/2019 20:00,15.18,0
14/07/2019 21:00,15.3,0
14/07/2019 22:00,15.22,0.2
14/07/2019 23:00,14.25,0.2
15/07/2019 0:00,13.95,0
15/07/2019 1:00,14.15,0
15/07/2019 2:00,14.3,0
15/07/2019 3:00,14.77,0
15/07/2019 4:00,14.82,0
15/07/2019 5:00,14.6,0
15/07/2019 6:00,14.67,0
15/07/2019 7:00,14.95,0
15/07/2019 8:00,15.93,0
15/07/2019 9:00,16.88,0
15/07/2019 10:00,16.75,0
15/07/2019 11:00,17.72,0
15/07/2019 12:00,17.43,0
15/07/2019 13:00,16.9,0
15/07/2019 14:00,16.82,0
15/07/2019 15:00,17.65,0
15/07/2019 16:00,17.07,0
15/07/2019 17:00,16.47,0
15/07/2019 18:00,15.85,0
15/07/2019 19:00,15.4,0
15/07/2019 20:00,15.32,0
15/07/2019 21:00,15.3,0
15/07/2019 22:00,15.15,0
15/07/2019 23:00,14.85,0
16/07/2019 0:00,14.85,0
16/07/2019 1:00,14.8,0
16/07/2019 2:00,14.88,0
16/07/2019 3:00,14.88,0
16/07/2019 4:00,14.82,0
16/07/2019 5:00,14.63,0
16/07/2019 6:00,14.32,0
16/07/2019 7:00,14.57,0
16/07/2019 8:00,15.3,0
16/07/2019 9:00,15.9,0
16/07/2019 10:00,16.73,0
16/07/2019 11:00,16.75,0
16/07/2019 12:00,16.65,0
16/07/2019 13:00,17.27,0
16/07/2019 14:00,17.03,0
16/07/2019 15:00,16.15,0
16/07/2019 16:00,16.08,0
16/07/2019 17:00,16.23,0
16/07/2019 18:00,15.6,0
16/07/2019 19:00,15.73,0
16/07/2019 20:00,15.95,0
16/07/2019 21:00,16.08,0
16/07/2019 22:00,16.07,0
16/07/2019 23:00,15.65,0
17/07/2019 0:00,15.38,0
17/07/2019 1:00,14.93,0
17/07/2019 2:00,15.13,0
17/07/2019 3:00,14.78,0.2
17/07/2019 4:00,14.58,0
17/07/2019 5:00,14.68,0
17/07/2019 6:00,14.28,0
17/07/2019 7:00,15.03,0
17/07/2019 8:00,15.68,0
17/07/2019 9:00,16.08,0
17/07/2019 10:00,16.75,0.2
17/07/2019 11:00,17.77,0
17/07/2019 12:00,17.47,0
17/07/2019 13:00,17.23,0
17/07/2019 14:00,16.58,0
17/07/2019 15:00,16.07,0
17/07/2019 16:00,16.15,0
17/07/2019 17:00,16.02,0
17/07/2019 18:00,15.7,0
17/07/2019 19:00,15.22,0
17/07/2019 20:00,15.4,0
17/07/2019 21:00,15.25,0
17/07/2019 22:00,15.12,0
17/07/2019 23:00,14.98,0
18/07/2019 0:00,15.15,0
18/07/2019 1:00,14.85,0
18/07/2019 2:00,14.45,0
18/07/2019 3:00,14.53,0
18/07/2019 4:00,14.3,0.2
18/07/2019 5:00,14.67,0
18/07/2019 6:00,14.85,0
18/07/2019 7:00,14.92,0
18/07/2019 8:00,15.57,0
18/07/2019 9:00,16.18,0
18/07/2019 10:00,16.25,0
18/07/2019 11:00,16.1,0
18/07/2019 12:00,16.45,0
18/07/2019 13:00,16.83,0
18/07/2019 14:00,16.92,0
18/07/2019 15:00,16.85,0
18/07/2019 16:00,16.45,0
18/07/2019 17:00,16.17,0
18/07/2019 18:00,15.48,0
18/07/2019 19:00,15.32,0
18/07/2019 20:00,15.17,0
18/07/2019 21:00,15.17,0
18/07/2019 22:00,15.25,0
18/07/2019 23:00,15.12,0
19/07/2019 0:00,15.13,0
19/07/2019 1:00,14.47,0.6
19/07/2019 2:00,14.45,0
19/07/2019 3:00,14.7,0.2
19/07/2019 4:00,14.8,0
19/07/2019 5:00,14.78,0
19/07/2019 6:00,14.82,0.2
19/07/2019 7:00,14.47,0.2
19/07/2019 8:00,14.92,0
19/07/2019 9:00,15.28,0
19/07/2019 10:00,15.83,0
19/07/2019 11:00,15.62,0.2
19/07/2019 12:00,16.7,0
19/07/2019 13:00,16.88,0
19/07/2019 14:00,17.42,0
19/07/2019 15:00,16.97,0
19/07/2019 16:00,16.95,0
19/07/2019 17:00,15.22,0
19/07/2019 18:00,15.47,0
19/07/2019 19:00,15.6,0
19/07/2019 20:00,15.03,0.2
19/07/2019 21:00,15.63,0
19/07/2019 22:00,15.6,0
19/07/2019 23:00,15.65,0
20/07/2019 0:00,15.63,0
20/07/2019 1:00,15.27,0
20/07/2019 2:00,15.18,0
20/07/2019 3:00,15.08,0
20/07/2019 4:00,14.93,0
20/07/2019 5:00,14.62,0
20/07/2019 6:00,14.8,0
20/07/2019 7:00,14.38,0
20/07/2019 8:00,14.95,0.2
20/07/2019 9:00,15.37,0
20/07/2019 10:00,15.72,0
20/07/2019 11:00,15.8,0
20/07/2019 12:00,16.28,0
20/07/2019 13:00,15.97,0
20/07/2019 14:00,16.05,0
20/07/2019 15:00,15,0.4
20/07/2019 16:00,15.48,0
20/07/2019 17:00,15.6,0
20/07/2019 18:00,15.15,0
20/07/2019 19:00,15.02,0
20/07/2019 20:00,15.37,0
20/07/2019 21:00,15.4,0
20/07/2019 22:00,15.43,0
20/07/2019 23:00,15.5,0
21/07/2019 0:00,15.17,0.2
21/07/2019 1:00,15.15,0
21/07/2019 2:00,15.12,0
21/07/2019 3:00,15.23,0
21/07/2019 4:00,15.05,0
21/07/2019 5:00,15.27,0.2
21/07/2019 6:00,14.33,0.4
21/07/2019 7:00,14.73,0.2
21/07/2019 8:00,15.2,0
21/07/2019 9:00,15.47,0
21/07/2019 10:00,15.9,0
21/07/2019 11:00,16.45,0
21/07/2019 12:00,16.53,0
21/07/2019 13:00,15.97,0
21/07/2019 14:00,16.05,0
21/07/2019 15:00,15.53,0
21/07/2019 16:00,15.52,0
21/07/2019 17:00,15.53,0
21/07/2019 18:00,15.18,0
21/07/2019 19:00,15.23,0
21/07/2019 20:00,15.2,0
21/07/2019 21:00,15.27,0
21/07/2019 22:00,15.22,0
21/07/2019 23:00,15.08,0
22/07/2019 0:00,15.05,0
22/07/2019 1:00,14.92,0
22/07/2019 2:00,14.77,0
22/07/2019 3:00,14.27,0
22/07/2019 4:00,12.93,0.2
22/07/2019 5:00,12.75,0
22/07/2019 6:00,13.5,0
22/07/2019 7:00,14.45,0
22/07/2019 8:00,15.25,0
22/07/2019 9:00,15.43,0
22/07/2019 10:00,15.22,0
22/07/2019 11:00,15.92,0
22/07/2019 12:00,16.27,0
22/07/2019 13:00,16.33,0
22/07/2019 14:00,17.1,0
22/07/2019 15:00,16.42,0
22/07/2019 16:00,15.97,0
22/07/2019 17:00,15.1,0
22/07/2019 18:00,15.6,0
22/07/2019 19:00,15.65,0
22/07/2019 20:00,15.57,0
22/07/2019 21:00,15.45,0
22/07/2019 22:00,15.52,0
22/07/2019 23:00,15.42,0
23/07/2019 0:00,15.3,0.2
23/07/2019 1:00,14.43,0
23/07/2019 2:00,14.98,0
23/07/2019 3:00,13.85,0
23/07/2019 4:00,13.65,0
23/07/2019 5:00,14.37,0
23/07/2019 6:00,15.07,0
23/07/2019 7:00,15.32,0
23/07/2019 8:00,15.68,0
23/07/2019 9:00,16.33,0
23/07/2019 10:00,16.57,0.2
23/07/2019 11:00,15.37,0.8
23/07/2019 12:00,15.72,0
23/07/2019 13:00,16.35,0
23/07/2019 14:00,17.08,0
23/07/2019 15:00,16.83,0.2
23/07/2019 16:00,16.12,0
23/07/2019 17:00,15.8,0
23/07/2019 18:00,15.42,0
23/07/2019 19:00,15.25,0
23/07/2019 20:00,15.17,0
23/07/2019 21:00,14.63,0
23/07/2019 22:00,14.47,0
23/07/2019 23:00,14.13,0
24/07/2019 0:00,13.83,0
24/07/2019 1:00,14,0
24/07/2019 2:00,14.42,0
24/07/2019 3:00,14.05,0
24/07/2019 4:00,13.55,0
24/07/2019 5:00,13.33,0
24/07/2019 6:00,13.3,0
24/07/2019 7:00,13.67,0
24/07/2019 8:00,14.47,0
24/07/2019 9:00,16.05,0
24/07/2019 10:00,16.33,0
24/07/2019 11:00,16.5,0
24/07/2019 12:00,16.48,0
24/07/2019 13:00,16.58,0
24/07/2019 14:00,16.88,0
24/07/2019 15:00,16.98,0.2
24/07/2019 16:00,15.77,0
24/07/2019 17:00,15.33,0.2
24/07/2019 18:00,14.37,0.2
24/07/2019 19:00,13.93,0
24/07/2019 20:00,14.05,0
24/07/2019 21:00,13.78,0
24/07/2019 22:00,13.17,0
24/07/2019 23:00,13.05,0
25/07/2019 0:00,13.72,0
25/07/2019 1:00,14.15,0
25/07/2019 2:00,14.22,0
25/07/2019 3:00,14.4,0
25/07/2019 4:00,14.85,0
25/07/2019 5:00,13.43,0
25/07/2019 6:00,12.55,0
25/07/2019 7:00,13.25,0
25/07/2019 8:00,14.48,0
25/07/2019 9:00,16.62,0
25/07/2019 10:00,17.9,0
25/07/2019 11:00,18.9,0
25/07/2019 12:00,18.55,0
25/07/2019 13:00,19.03,0
25/07/2019 14:00,18.77,0
25/07/2019 15:00,18.47,0
25/07/2019 16:00,18.35,0
25/07/2019 17:00,18.42,0
25/07/2019 18:00,16.9,0
25/07/2019 19:00,16.35,0
25/07/2019 20:00,16.18,0
25/07/2019 21:00,16.1,0
25/07/2019 22:00,15.42,0
25/07/2019 23:00,15.5,0
26/07/2019 0:00,15.32,0
26/07/2019 1:00,15.42,0
26/07/2019 2:00,15.35,0
26/07/2019 3:00,15.18,0
26/07/2019 4:00,15.2,0
26/07/2019 5:00,15.3,0
26/07/2019 6:00,15.33,0
26/07/2019 7:00,15.53,0
26/07/2019 8:00,17.2,0
26/07/2019 9:00,17.87,0
26/07/2019 10:00,17.87,0
26/07/2019 11:00,17.67,0
26/07/2019 12:00,18.4,0
26/07/2019 13:00,18.95,0
26/07/2019 14:00,19.65,0
26/07/2019 15:00,19.58,0
26/07/2019 16:00,18.62,0
26/07/2019 17:00,17.35,0
26/07/2019 18:00,16.93,0
26/07/2019 19:00,16.72,0
26/07/2019 20:00,16.58,0
26/07/2019 21:00,16.3,0
26/07/2019 22:00,16.4,0
26/07/2019 23:00,16.15,0
27/07/2019 0:00,15.62,0
27/07/2019 1:00,15.42,0
27/07/2019 2:00,15.38,0
27/07/2019 3:00,15.45,0
27/07/2019 4:00,15.25,0
27/07/2019 5:00,15.13,0
27/07/2019 6:00,14.87,0
27/07/2019 7:00,15.02,0
27/07/2019 8:00,16,0
27/07/2019 9:00,16.35,0
27/07/2019 10:00,16.33,0
27/07/2019 11:00,17.48,0
27/07/2019 12:00,17.65,0.2
27/07/2019 13:00,18.65,0
27/07/2019 14:00,17.82,0
27/07/2019 15:00,17.12,0.8
27/07/2019 16:00,15.52,1
27/07/2019 17:00,14.88,1.2
27/07/2019 18:00,14.33,0.8
27/07/2019 19:00,13.87,1.4
27/07/2019 20:00,13.73,0.6
27/07/2019 21:00,13.83,0.6
27/07/2019 22:00,13.87,0.2
27/07/2019 23:00,14.23,0.2
28/07/2019 0:00,14.17,0
28/07/2019 1:00,14.1,0.2
28/07/2019 2:00,13.6,0
28/07/2019 3:00,13.55,0.2
28/07/2019 4:00,13.95,0
28/07/2019 5:00,14.05,0
28/07/2019 6:00,13.92,0
28/07/2019 7:00,13.77,0
28/07/2019 8:00,13.92,0
28/07/2019 9:00,14.28,0
28/07/2019 10:00,14.22,0
28/07/2019 11:00,14.15,0
28/07/2019 12:00,13.75,0
28/07/2019 13:00,14.03,0
28/07/2019 14:00,13.88,0
28/07/2019 15:00,14.07,0
28/07/2019 16:00,14.33,0
28/07/2019 17:00,14.37,0
28/07/2019 18:00,14.18,0
28/07/2019 19:00,14.17,0
28/07/2019 20:00,14.07,0
28/07/2019 21:00,14.2,0
28/07/2019 22:00,14.2,0
28/07/2019 23:00,14.15,0
29/07/2019 0:00,14.12,0
29/07/2019 1:00,14.03,0
29/07/2019 2:00,13.98,0
29/07/2019 3:00,13.93,0
29/07/2019 4:00,13.78,0
29/07/2019 5:00,13.78,0
29/07/2019 6:00,13.78,0
29/07/2019 7:00,14.18,0
29/07/2019 8:00,15.6,0
29/07/2019 9:00,16.73,0
29/07/2019 10:00,17.93,0
29/07/2019 11:00,18.42,0
29/07/2019 12:00,19.05,0
29/07/2019 13:00,19.25,0
29/07/2019 14:00,19.45,0
29/07/2019 15:00,19,0
29/07/2019 16:00,18.57,0
29/07/2019 17:00,17.62,0
29/07/2019 18:00,16.63,0
29/07/2019 19:00,16.17,0
29/07/2019 20:00,16.03,0
29/07/2019 21:00,15.88,0
29/07/2019 22:00,15.62,0
29/07/2019 23:00,15.47,0
30/07/2019 0:00,15.17,0
30/07/2019 1:00,14.82,0
30/07/2019 2:00,14.5,0
30/07/2019 3:00,14.27,0
30/07/2019 4:00,13.98,0
30/07/2019 5:00,14.05,0
30/07/2019 6:00,14.05,0
30/07/2019 7:00,14.35,0
30/07/2019 8:00,15.63,0
30/07/2019 9:00,16.65,0
30/07/2019 10:00,17.52,0
30/07/2019 11:00,17.58,0
30/07/2019 12:00,18.2,0
30/07/2019 13:00,18.08,0
30/07/2019 14:00,18.23,0
30/07/2019 15:00,17.7,0
30/07/2019 16:00,17.6,0
30/07/2019 17:00,17.22,0
30/07/2019 18:00,16.52,0
30/07/2019 19:00,15.95,0
30/07/2019 20:00,15.55,0
30/07/2019 21:00,15.23,0
30/07/2019 22:00,14.95,0
30/07/2019 23:00,14.6,0
31/07/2019 0:00,14.33,0
31/07/2019 1:00,13.92,0
31/07/2019 2:00,13.47,0
31/07/2019 3:00,13.37,0
31/07/2019 4:00,13.22,0
31/07/2019 5:00,13.17,0
31/07/2019 6:00,13.18,0
31/07/2019 7:00,13.9,0
31/07/2019 8:00,15.6,0
31/07/2019 9:00,16.45,0
31/07/2019 10:00,17.3,0
31/07/2019 11:00,17.92,0
31/07/2019 12:00,18.23,0
31/07/2019 13:00,18.62,0
31/07/2019 14:00,18.73,0
31/07/2019 15:00,18.63,0
31/07/2019 16:00,18.48,0
31/07/2019 17:00,17.63,0
31/07/2019 18:00,16.6,0
31/07/2019 19:00,15.85,0
31/07/2019 20:00,15.67,0
31/07/2019 21:00,15.35,0
31/07/2019 22:00,15.22,0
31/07/2019 23:00,15.15,0
01/08/2019 0:00,14.88,0
01/08/2019 1:00,14.88,0
01/08/2019 2:00,14.83,0
01/08/2019 3:00,14.8,0
01/08/2019 4:00,14.67,0
01/08/2019 5:00,14.57,0
01/08/2019 6:00,14.55,0
01/08/2019 7:00,15.73,0
01/08/2019 8:00,17.8,0
01/08/2019 9:00,19,0
01/08/2019 10:00,19.42,0
01/08/2019 11:00,19.98,0
01/08/2019 12:00,20.8,0
01/08/2019 13:00,21.55,0
01/08/2019 14:00,21.77,0
01/08/2019 15:00,21.7,0
01/08/2019 16:00,20.97,0
01/08/2019 17:00,19.95,0
01/08/2019 18:00,18.32,0
01/08/2019 19:00,17.15,0
01/08/2019 20:00,16.72,0
01/08/2019 21:00,16.2,0
01/08/2019 22:00,15.98,0
01/08/2019 23:00,15.92,0
02/08/2019 0:00,15.43,0
02/08/2019 1:00,14.9,0
02/08/2019 2:00,14.83,0
02/08/2019 3:00,14.47,0
02/08/2019 4:00,13.68,0
02/08/2019 5:00,12.72,0
02/08/2019 6:00,12.42,0
02/08/2019 7:00,14.43,0
02/08/2019 8:00,16.23,0
02/08/2019 9:00,18,0
02/08/2019 10:00,18.8,0
02/08/2019 11:00,18.52,0
02/08/2019 12:00,19.08,0
02/08/2019 13:00,19.92,0
02/08/2019 14:00,20.58,0
02/08/2019 15:00,21.18,0
02/08/2019 16:00,20.88,0
02/08/2019 17:00,19.78,0
02/08/2019 18:00,18.5,0
02/08/2019 19:00,17.85,0
02/08/2019 20:00,17.8,0
02/08/2019 21:00,17.3,0
02/08/2019 22:00,16.78,0
02/08/2019 23:00,16.18,0
03/08/2019 0:00,15.68,0
03/08/2019 1:00,15.68,0
03/08/2019 2:00,15.7,0
03/08/2019 3:00,15.35,0
03/08/2019 4:00,14.87,0.2
03/08/2019 5:00,14.07,1.6
03/08/2019 6:00,14.5,0.6
03/08/2019 7:00,14.13,0.2
03/08/2019 8:00,14.33,0.8
03/08/2019 9:00,14.67,0
03/08/2019 10:00,15.17,0.2
03/08/2019 11:00,15.38,0
03/08/2019 12:00,15.73,0
03/08/2019 13:00,15.73,0
03/08/2019 14:00,15.3,0
03/08/2019 15:00,15.87,0
03/08/2019 16:00,15.98,0
03/08/2019 17:00,16,0
03/08/2019 18:00,15.23,0
03/08/2019 19:00,15.7,0
03/08/2019 20:00,15.77,0
03/08/2019 21:00,15.83,0
03/08/2019 22:00,15.97,0
03/08/2019 23:00,15.97,0
04/08/2019 0:00,15.35,0.2
04/08/2019 1:00,15.35,0
04/08/2019 2:00,15.7,0
04/08/2019 3:00,15.35,0
04/08/2019 4:00,14.07,0.4
04/08/2019 5:00,13.8,0.2
04/08/2019 6:00,14.1,0.4
04/08/2019 7:00,14.32,0.4
04/08/2019 8:00,14.25,0.4
04/08/2019 9:00,14.62,0.4
04/08/2019 10:00,14.83,0.4
04/08/2019 11:00,14.63,0.6
04/08/2019 12:00,14.08,0.8
04/08/2019 13:00,13.9,0.2
04/08/2019 14:00,14.55,0
04/08/2019 15:00,14.33,0
04/08/2019 16:00,14.33,0
04/08/2019 17:00,14.2,0
04/08/2019 18:00,14.15,0
04/08/2019 19:00,14.32,0
04/08/2019 20:00,14.32,0
04/08/2019 21:00,14.53,0
04/08/2019 22:00,14.28,0
04/08/2019 23:00,14.27,0
05/08/2019 0:00,14.1,0
05/08/2019 1:00,14.18,0
05/08/2019 2:00,13.98,0
05/08/2019 3:00,13.98,0
05/08/2019 4:00,13.78,0
05/08/2019 5:00,13.72,0
05/08/2019 6:00,13.78,0
05/08/2019 7:00,14.03,0
05/08/2019 8:00,14.17,0
05/08/2019 9:00,14.5,0
05/08/2019 10:00,14.7,0
05/08/2019 11:00,16.13,0
05/08/2019 12:00,15.73,0
05/08/2019 13:00,15.33,0
05/08/2019 14:00,14.53,0
05/08/2019 15:00,14.4,0
05/08/2019 16:00,14.45,0
05/08/2019 17:00,14.28,0
05/08/2019 18:00,14.2,0
05/08/2019 19:00,14.27,0
05/08/2019 20:00,14.22,0
05/08/2019 21:00,13.97,0
05/08/2019 22:00,13.85,0
05/08/2019 23:00,13.73,0
06/08/2019 0:00,13.63,0
06/08/2019 1:00,13.55,0
06/08/2019 2:00,13.6,0
06/08/2019 3:00,13.65,0
06/08/2019 4:00,13.33,0
06/08/2019 5:00,13.25,0
06/08/2019 6:00,13.35,0
06/08/2019 7:00,13.85,0
06/08/2019 8:00,15.23,0
06/08/2019 9:00,16,0
06/08/2019 10:00,16.93,0
06/08/2019 11:00,17.98,0
06/08/2019 12:00,18.33,0
06/08/2019 13:00,18.62,0
06/08/2019 14:00,18.65,0
06/08/2019 15:00,18.25,0
06/08/2019 16:00,17.87,0
06/08/2019 17:00,17.15,0
06/08/2019 18:00,15.95,0
06/08/2019 19:00,15.75,0
06/08/2019 20:00,15.38,0
06/08/2019 21:00,15.03,0
06/08/2019 22:00,14.67,0
06/08/2019 23:00,14.32,0
07/08/2019 0:00,14.03,0
07/08/2019 1:00,13.92,0
07/08/2019 2:00,13.8,0
07/08/2019 3:00,13.67,0
07/08/2019 4:00,13.87,0
07/08/2019 5:00,14.12,0
07/08/2019 6:00,14.3,0
07/08/2019 7:00,14.92,0
07/08/2019 8:00,16.45,0
07/08/2019 9:00,17.07,0
07/08/2019 10:00,17.85,0
07/08/2019 11:00,18.38,0
07/08/2019 12:00,17.52,0
07/08/2019 13:00,16.9,0
07/08/2019 14:00,16.9,0
07/08/2019 15:00,17.15,0
07/08/2019 16:00,18.03,0
07/08/2019 17:00,17.72,0
07/08/2019 18:00,16.35,0
07/08/2019 19:00,15.48,0
07/08/2019 20:00,15.57,0
07/08/2019 21:00,15.5,0
07/08/2019 22:00,15.22,0
07/08/2019 23:00,14.85,0
08/08/2019 0:00,14.42,0
08/08/2019 1:00,14.13,0
08/08/2019 2:00,13.9,0
08/08/2019 3:00,13.88,0
08/08/2019 4:00,14.17,0
08/08/2019 5:00,14.35,0
08/08/2019 6:00,14.4,0
08/08/2019 7:00,14.77,0
08/08/2019 8:00,16,0
08/08/2019 9:00,17.02,0
08/08/2019 10:00,17.7,0
08/08/2019 11:00,17.55,0
08/08/2019 12:00,17.62,0
08/08/2019 13:00,18.08,0
08/08/2019 14:00,18.32,0
08/08/2019 15:00,18.03,0
08/08/2019 16:00,17.72,0
08/08/2019 17:00,17.72,0
08/08/2019 18:00,16.93,0
08/08/2019 19:00,16.65,0
08/08/2019 20:00,16.42,0
08/08/2019 21:00,16.17,0
08/08/2019 22:00,15.97,0
08/08/2019 23:00,15.82,0
09/08/2019 0:00,15.63,0
09/08/2019 1:00,15.42,0
09/08/2019 2:00,15.17,0
09/08/2019 3:00,14.9,0
09/08/2019 4:00,14.88,0
09/08/2019 5:00,14.87,0
09/08/2019 6:00,14.88,0
09/08/2019 7:00,15.05,0
09/08/2019 8:00,15.68,0
09/08/2019 9:00,16.47,0
09/08/2019 10:00,16.4,0
09/08/2019 11:00,15.88,0
09/08/2019 12:00,16.45,0
09/08/2019 13:00,16.63,0
09/08/2019 14:00,16.62,0
09/08/2019 15:00,17.05,0
09/08/2019 16:00,17.15,0
09/08/2019 17:00,16.5,0
09/08/2019 18:00,16.05,0
09/08/2019 19:00,15.87,0
09/08/2019 20:00,15.75,0
09/08/2019 21:00,15.53,0
09/08/2019 22:00,15.33,0
09/08/2019 23:00,15.33,0
10/08/2019 0:00,15.38,0
10/08/2019 1:00,15.47,0
10/08/2019 2:00,15.37,0
10/08/2019 3:00,15.3,0
10/08/2019 4:00,15.27,0
10/08/2019 5:00,15.25,0
10/08/2019 6:00,15.1,0
10/08/2019 7:00,15.35,0
10/08/2019 8:00,15.93,0
10/08/2019 9:00,15.97,0
10/08/2019 10:00,16.05,0
10/08/2019 11:00,16.18,0
10/08/2019 12:00,16.13,0
10/08/2019 13:00,16.1,0
10/08/2019 14:00,15.75,0
10/08/2019 15:00,15.45,0
10/08/2019 16:00,15.28,0
10/08/2019 17:00,15.6,0
10/08/2019 18:00,15.45,0
10/08/2019 19:00,15.45,0
10/08/2019 20:00,15.58,0
10/08/2019 21:00,15.48,0
10/08/2019 22:00,15.35,0
10/08/2019 23:00,15.33,0
11/08/2019 0:00,15.23,0
11/08/2019 1:00,15.23,0
11/08/2019 2:00,15.28,0
11/08/2019 3:00,15.53,0
11/08/2019 4:00,15.4,0
11/08/2019 5:00,15.55,0
11/08/2019 6:00,15.58,0
11/08/2019 7:00,16.02,0
11/08/2019 8:00,16.42,0
11/08/2019 9:00,16.6,0
11/08/2019 10:00,15.9,0
11/08/2019 11:00,15.78,0
11/08/2019 12:00,16.3,0
11/08/2019 13:00,16.88,0
11/08/2019 14:00,15.83,0.2
11/08/2019 15:00,16.07,0
11/08/2019 16:00,15.47,0
11/08/2019 17:00,15.65,0
11/08/2019 18:00,15.62,0
11/08/2019 19:00,15.73,0
11/08/2019 20:00,15.72,0
11/08/2019 21:00,15.65,0
11/08/2019 22:00,15.47,0
11/08/2019 23:00,15.38,0
12/08/2019 0:00,14.93,0
12/08/2019 1:00,15.1,0
12/08/2019 2:00,14.93,0
12/08/2019 3:00,15.1,0
12/08/2019 4:00,15.27,0
12/08/2019 5:00,15.2,0
12/08/2019 6:00,15.38,0
12/08/2019 7:00,15.38,0
12/08/2019 8:00,15.02,0.2
12/08/2019 9:00,15.35,0
12/08/2019 10:00,15.92,0
12/08/2019 11:00,17.15,0
12/08/2019 12:00,17.13,0
12/08/2019 13:00,17.33,0
12/08/2019 14:00,17.35,0
12/08/2019 15:00,16.63,0.4
12/08/2019 16:00,15.4,0
12/08/2019 17:00,15.88,0
12/08/2019 18:00,16.08,0
12/08/2019 19:00,16.32,0.2
12/08/2019 20:00,16.28,0
12/08/2019 21:00,16.25,0
12/08/2019 22:00,15.92,0
12/08/2019 23:00,16,0
13/08/2019 0:00,15.88,0
13/08/2019 1:00,15.72,0
13/08/2019 2:00,15.67,0
13/08/2019 3:00,15.4,0
13/08/2019 4:00,15.5,0
13/08/2019 5:00,15.62,0
13/08/2019 6:00,15.73,0
13/08/2019 7:00,15.75,0
13/08/2019 8:00,15.93,0
13/08/2019 9:00,16.42,0
13/08/2019 10:00,16.62,0
13/08/2019 11:00,16.87,0
13/08/2019 12:00,17.33,0
13/08/2019 13:00,17.35,0
13/08/2019 14:00,16.83,0
13/08/2019 15:00,16.33,0
13/08/2019 16:00,16.53,0
13/08/2019 17:00,16.45,0
13/08/2019 18:00,16.22,0.4
13/08/2019 19:00,14.5,0.6
13/08/2019 20:00,14.7,0
13/08/2019 21:00,14.95,0
13/08/2019 22:00,15.03,0.4
13/08/2019 23:00,15.15,0.2
14/08/2019 0:00,14.95,0.8
14/08/2019 1:00,14.38,1
14/08/2019 2:00,14.57,0.2
14/08/2019 3:00,14.82,0.2
14/08/2019 4:00,15.03,0
14/08/2019 5:00,15.5,0
14/08/2019 6:00,15.43,0
14/08/2019 7:00,14.25,1.4
14/08/2019 8:00,14.13,2.2
14/08/2019 9:00,14.07,1.2
14/08/2019 10:00,14.32,1
14/08/2019 11:00,14.43,1
14/08/2019 12:00,14.1,2
14/08/2019 13:00,14.05,1.4
14/08/2019 14:00,14.83,0.6
14/08/2019 15:00,15.77,0
14/08/2019 16:00,15.8,0.6
14/08/2019 17:00,15.07,0.4
14/08/2019 18:00,15.33,0
14/08/2019 19:00,14.88,1.4
14/08/2019 20:00,15.28,0.2
14/08/2019 21:00,15.8,0
14/08/2019 22:00,15.1,1.4
14/08/2019 23:00,14.17,2.6
15/08/2019 0:00,14.35,1.8
15/08/2019 1:00,14.3,1
15/08/2019 2:00,13.98,0.4
15/08/2019 3:00,14.47,0
15/08/2019 4:00,14.38,0
15/08/2019 5:00,13.78,0.4
15/08/2019 6:00,12.62,0.8
15/08/2019 7:00,13.18,0
15/08/2019 8:00,13.78,0
15/08/2019 9:00,14.22,0
15/08/2019 10:00,14.4,0.2
15/08/2019 11:00,14.22,0.2
15/08/2019 12:00,13.4,0.4
15/08/2019 13:00,13.63,0
15/08/2019 14:00,14.3,0
15/08/2019 15:00,14.7,0
15/08/2019 16:00,14.68,0.2
15/08/2019 17:00,14.97,0
15/08/2019 18:00,14.78,0
15/08/2019 19:00,14.67,0
15/08/2019 20:00,14.22,0
15/08/2019 21:00,14.07,0
15/08/2019 22:00,14.03,0
15/08/2019 23:00,13.82,0
16/08/2019 0:00,12.95,0.4
16/08/2019 1:00,12.4,0
16/08/2019 2:00,13.25,0
16/08/2019 3:00,13.1,0
16/08/2019 4:00,12.83,0
16/08/2019 5:00,12.1,0
16/08/2019 6:00,12.13,0
16/08/2019 7:00,12.52,0
16/08/2019 8:00,15.05,0
16/08/2019 9:00,16.9,0
16/08/2019 10:00,17.38,0
16/08/2019 11:00,17.85,0
16/08/2019 12:00,18.43,0
16/08/2019 13:00,19.12,0
16/08/2019 14:00,19.42,0
16/08/2019 15:00,19.07,0
16/08/2019 16:00,17.8,0
16/08/2019 17:00,16.9,0
16/08/2019 18:00,15.95,0
16/08/2019 19:00,15.42,0
16/08/2019 20:00,15.15,0
16/08/2019 21:00,14.82,0
16/08/2019 22:00,14.48,0
16/08/2019 23:00,14.53,0
17/08/2019 0:00,14.25,0
17/08/2019 1:00,13.82,0
17/08/2019 2:00,13.37,0
17/08/2019 3:00,13.15,0
17/08/2019 4:00,12.83,0
17/08/2019 5:00,11.83,0
17/08/2019 6:00,10.47,0
17/08/2019 7:00,11.12,0
17/08/2019 8:00,12.43,0
17/08/2019 9:00,16.53,0
17/08/2019 10:00,18.95,0
17/08/2019 11:00,18.53,0
17/08/2019 12:00,19.67,0
17/08/2019 13:00,19.72,0
17/08/2019 14:00,18.83,0
17/08/2019 15:00,19,0
17/08/2019 16:00,19.87,0
17/08/2019 17:00,18.03,0
17/08/2019 18:00,17.02,0
17/08/2019 19:00,16.27,0
17/08/2019 20:00,16.17,0
17/08/2019 21:00,16.22,0
17/08/2019 22:00,16.18,0
17/08/2019 23:00,15.6,0
18/08/2019 0:00,15.07,0
18/08/2019 1:00,14.9,0
18/08/2019 2:00,15.12,0
18/08/2019 3:00,14.83,0
18/08/2019 4:00,14.78,0
18/08/2019 5:00,14.7,0
18/08/2019 6:00,14.57,0
18/08/2019 7:00,14.85,0
18/08/2019 8:00,15.67,0
18/08/2019 9:00,16.85,0
18/08/2019 10:00,17.7,0
18/08/2019 11:00,17.97,0
18/08/2019 12:00,18.52,0
18/08/2019 13:00,19.32,0
18/08/2019 14:00,18.28,0
18/08/2019 15:00,18.5,0
18/08/2019 16:00,18.27,0
18/08/2019 17:00,17.53,0
18/08/2019 18:00,17.02,0
18/08/2019 19:00,16.95,0
18/08/2019 20:00,16.93,0
18/08/2019 21:00,16.73,0
18/08/2019 22:00,16.43,0
18/08/2019 23:00,16,0
19/08/2019 0:00,15.65,0
19/08/2019 1:00,15.6,0
19/08/2019 2:00,15.42,0
19/08/2019 3:00,15.28,0
19/08/2019 4:00,15.42,0
19/08/2019 5:00,15.47,0
19/08/2019 6:00,15.38,0
19/08/2019 7:00,15.47,0
19/08/2019 8:00,15.93,0
19/08/2019 9:00,17.32,0
19/08/2019 10:00,16.57,0
19/08/2019 11:00,15.8,0.2
19/08/2019 12:00,15.92,0
19/08/2019 13:00,16.85,0.2
19/08/2019 14:00,17.22,0
19/08/2019 15:00,16.92,0
19/08/2019 16:00,15.75,0
19/08/2019 17:00,15.58,0.2
19/08/2019 18:00,15.72,0
19/08/2019 19:00,15.48,0.2
19/08/2019 20:00,14.55,0.4
19/08/2019 21:00,14.32,0.8
19/08/2019 22:00,14.63,0.2
19/08/2019 23:00,15.25,0
20/08/2019 0:00,15.2,0
20/08/2019 1:00,15.15,0
20/08/2019 2:00,14.95,0
20/08/2019 3:00,14.88,0
20/08/2019 4:00,14.57,0
20/08/2019 5:00,14.58,0.4
20/08/2019 6:00,14.65,0
20/08/2019 7:00,15.12,0.2
20/08/2019 8:00,14.8,0.2
20/08/2019 9:00,15.02,0.2
20/08/2019 10:00,14.83,1
20/08/2019 11:00,15.42,0
20/08/2019 12:00,15.4,0.8
20/08/2019 13:00,15.32,0.4
20/08/2019 14:00,15.9,0.6
20/08/2019 15:00,16.57,0
20/08/2019 16:00,16.1,0
20/08/2019 17:00,16.02,0
20/08/2019 18:00,15.53,0
20/08/2019 19:00,15.3,0
20/08/2019 20:00,15.05,0
20/08/2019 21:00,15.37,0
20/08/2019 22:00,14.7,0.6
20/08/2019 23:00,14.9,0
21/08/2019 0:00,15.3,0
21/08/2019 1:00,15.47,0
21/08/2019 2:00,14.62,1
21/08/2019 3:00,13.83,0.2
21/08/2019 4:00,14.73,0
21/08/2019 5:00,14.92,0
21/08/2019 6:00,14.98,0
21/08/2019 7:00,14.95,0
21/08/2019 8:00,15.47,0
21/08/2019 9:00,16.22,0
21/08/2019 10:00,16.35,0
21/08/2019 11:00,17.38,0
21/08/2019 12:00,16.52,0
21/08/2019 13:00,15.45,0.4
21/08/2019 14:00,14.93,0.6
21/08/2019 15:00,15.4,0.2
21/08/2019 16:00,15.48,0.2
21/08/2019 17:00,15.55,0.4
21/08/2019 18:00,14.13,1.2
21/08/2019 19:00,13.95,0.4
21/08/2019 20:00,14.3,0.2
21/08/2019 21:00,14.28,0
21/08/2019 22:00,14.22,0
21/08/2019 23:00,13.73,0.4
22/08/2019 0:00,13.45,0.6
22/08/2019 1:00,13.55,1.2
22/08/2019 2:00,13.6,1.4
22/08/2019 3:00,13.65,1
22/08/2019 4:00,14.32,0.2
22/08/2019 5:00,15.05,0
22/08/2019 6:00,15,0
22/08/2019 7:00,15.13,0
22/08/2019 8:00,15.32,0
22/08/2019 9:00,15.47,0
22/08/2019 10:00,15.72,0
22/08/2019 11:00,15.97,0
22/08/2019 12:00,16.03,0
22/08/2019 13:00,16.25,0
22/08/2019 14:00,15.77,1.2
22/08/2019 15:00,15.07,0
22/08/2019 16:00,14.72,0.4
22/08/2019 17:00,15,0
22/08/2019 18:00,15.25,0
22/08/2019 19:00,15.3,0
22/08/2019 20:00,15.23,0
22/08/2019 21:00,15.07,0
22/08/2019 22:00,15.27,0
22/08/2019 23:00,15.43,0
23/08/2019 0:00,15.52,0
23/08/2019 1:00,15.55,0
23/08/2019 2:00,15.47,0
23/08/2019 3:00,15.33,0
23/08/2019 4:00,15.3,0
23/08/2019 5:00,15.23,0
23/08/2019 6:00,15.25,0
23/08/2019 7:00,15.37,0
23/08/2019 8:00,15.68,0
23/08/2019 9:00,16.03,0
23/08/2019 10:00,15.98,0
23/08/2019 11:00,15.82,0
23/08/2019 12:00,16.77,0.2
23/08/2019 13:00,16.43,0
23/08/2019 14:00,14.97,0.2
23/08/2019 15:00,14.75,0.2
23/08/2019 16:00,14.65,0.2
23/08/2019 17:00,14.9,0
23/08/2019 18:00,14.97,0
23/08/2019 19:00,14.73,0
23/08/2019 20:00,14.85,0
23/08/2019 21:00,14.88,0
23/08/2019 22:00,14.98,0
23/08/2019 23:00,14.2,0.2
24/08/2019 0:00,14.53,0
24/08/2019 1:00,14.65,0
24/08/2019 2:00,14.68,0
24/08/2019 3:00,14.5,0
24/08/2019 4:00,14.85,0
24/08/2019 5:00,15.12,0
24/08/2019 6:00,14.97,0
24/08/2019 7:00,14.95,0
24/08/2019 8:00,15.58,0
24/08/2019 9:00,16.07,0
24/08/2019 10:00,16.08,0
24/08/2019 11:00,16.25,0
24/08/2019 12:00,16.55,0
24/08/2019 13:00,16.58,0
24/08/2019 14:00,16.33,0
24/08/2019 15:00,15.88,0
24/08/2019 16:00,15.43,0.2
24/08/2019 17:00,14.62,0
24/08/2019 18:00,15.17,0
24/08/2019 19:00,15.23,0
24/08/2019 20:00,15.07,0
24/08/2019 21:00,15.08,0
24/08/2019 22:00,15.1,0
24/08/2019 23:00,14.88,0
25/08/2019 0:00,14.93,0
25/08/2019 1:00,15.07,0
25/08/2019 2:00,15.22,0
25/08/2019 3:00,15.2,0
25/08/2019 4:00,15.15,0
25/08/2019 5:00,15.13,0
25/08/2019 6:00,15,0
25/08/2019 7:00,15.15,0
25/08/2019 8:00,16.22,0
25/08/2019 9:00,17.45,0
25/08/2019 10:00,17.78,0
25/08/2019 11:00,18.73,0
25/08/2019 12:00,19.5,0
25/08/2019 13:00,18.73,0
25/08/2019 14:00,18.85,0
25/08/2019 15:00,18.78,0
25/08/2019 16:00,18.57,0
25/08/2019 17:00,17.95,0
25/08/2019 18:00,16.98,0
25/08/2019 19:00,16.62,0
25/08/2019 20:00,16.27,0
25/08/2019 21:00,15.87,0
25/08/2019 22:00,15.67,0
25/08/2019 23:00,15.33,0
26/08/2019 0:00,15.25,0
26/08/2019 1:00,15.45,0
26/08/2019 2:00,15.57,0
26/08/2019 3:00,15.35,0
26/08/2019 4:00,15.1,0
26/08/2019 5:00,15.15,0
26/08/2019 6:00,15.17,0
26/08/2019 7:00,15.68,0
26/08/2019 8:00,16.78,0
26/08/2019 9:00,17.23,0
26/08/2019 10:00,17.53,0
26/08/2019 11:00,17.62,0
26/08/2019 12:00,18.2,0
26/08/2019 13:00,17.2,0
26/08/2019 14:00,17.65,0
26/08/2019 15:00,15.67,0.6
26/08/2019 16:00,14.9,0.2
26/08/2019 17:00,15.37,0
26/08/2019 18:00,15.15,0.2
26/08/2019 19:00,15.67,0
26/08/2019 20:00,15.83,0
26/08/2019 21:00,15.98,0
26/08/2019 22:00,15.72,0
26/08/2019 23:00,15.7,0
27/08/2019 0:00,15.78,0
27/08/2019 1:00,15.65,0
27/08/2019 2:00,15.08,0
27/08/2019 3:00,14.85,0
27/08/2019 4:00,15.25,0
27/08/2019 5:00,15.35,0
27/08/2019 6:00,15.3,0
27/08/2019 7:00,15.2,0
27/08/2019 8:00,15.68,0
27/08/2019 9:00,16.55,0
27/08/2019 10:00,16.98,0
27/08/2019 11:00,16.95,0
27/08/2019 12:00,16.43,0
27/08/2019 13:00,17.07,0
27/08/2019 14:00,17.3,0
27/08/2019 15:00,16.77,0
27/08/2019 16:00,17.27,0
27/08/2019 17:00,16.35,0
27/08/2019 18:00,16.15,0
27/08/2019 19:00,16.33,0
27/08/2019 20:00,16.28,0
27/08/2019 21:00,16.18,0
27/08/2019 22:00,16.03,0
27/08/2019 23:00,15.87,0
28/08/2019 0:00,15.75,0
28/08/2019 1:00,15.5,0
28/08/2019 2:00,15,0
28/08/2019 3:00,14.93,0
28/08/2019 4:00,14.93,0.2
28/08/2019 5:00,14.7,0.2
28/08/2019 6:00,14.6,0.2
28/08/2019 7:00,14.5,0.4
28/08/2019 8:00,15,0.8
28/08/2019 9:00,15.65,0.2
28/08/2019 10:00,16.78,0
28/08/2019 11:00,16.3,0.2
28/08/2019 12:00,15.35,0.2
28/08/2019 13:00,15.27,0
28/08/2019 14:00,15.23,0.2
28/08/2019 15:00,15.6,0
28/08/2019 16:00,15.15,0.2
28/08/2019 17:00,14.87,0
28/08/2019 18:00,14.73,0
28/08/2019 19:00,14.9,0
28/08/2019 20:00,15,0
28/08/2019 21:00,15.2,0
28/08/2019 22:00,15.45,0
28/08/2019 23:00,15.28,0
29/08/2019 0:00,15.05,0
29/08/2019 1:00,14.85,0
29/08/2019 2:00,14.43,0
29/08/2019 3:00,14.67,0
29/08/2019 4:00,14.7,0
29/08/2019 5:00,14.9,0
29/08/2019 6:00,14.88,0
29/08/2019 7:00,15.12,0
29/08/2019 8:00,15.43,0
29/08/2019 9:00,15.72,0
29/08/2019 10:00,15.93,0
29/08/2019 11:00,16.47,0
29/08/2019 12:00,16.88,0
29/08/2019 13:00,17.33,0
29/08/2019 14:00,15.6,0.6
29/08/2019 15:00,15.4,0.6
29/08/2019 16:00,17.02,0
29/08/2019 17:00,16.53,0
29/08/2019 18:00,16.18,0
29/08/2019 19:00,15.95,0
29/08/2019 20:00,15.85,0
29/08/2019 21:00,15.97,0
29/08/2019 22:00,15.87,0
29/08/2019 23:00,15.78,0
30/08/2019 0:00,15.53,0
30/08/2019 1:00,15.18,0
30/08/2019 2:00,14.65,0
30/08/2019 3:00,14.25,0
30/08/2019 4:00,14.23,0
30/08/2019 5:00,14.17,0
30/08/2019 6:00,14.32,0
30/08/2019 7:00,14.6,0
30/08/2019 8:00,16.15,0
30/08/2019 9:00,17.42,0
30/08/2019 10:00,18.02,0
30/08/2019 11:00,18.08,0
30/08/2019 12:00,18.07,0
30/08/2019 13:00,18.85,0
30/08/2019 14:00,19.42,0
30/08/2019 15:00,20.17,0
30/08/2019 16:00,19.4,0
30/08/2019 17:00,18.82,0
30/08/2019 18:00,17.63,0
30/08/2019 19:00,16.9,0
30/08/2019 20:00,16.37,0
30/08/2019 21:00,15.97,0
30/08/2019 22:00,15.75,0
30/08/2019 23:00,15.48,0
31/08/2019 0:00,15.4,0
31/08/2019 1:00,15.27,0
31/08/2019 2:00,15.15,0
31/08/2019 3:00,14.98,0
31/08/2019 4:00,14.97,0
31/08/2019 5:00,14.85,0
31/08/2019 6:00,14.9,0
31/08/2019 7:00,15.87,0
31/08/2019 8:00,17.2,0
31/08/2019 9:00,18.2,0
31/08/2019 10:00,18.7,0
31/08/2019 11:00,19.17,0
31/08/2019 12:00,19.45,0
31/08/2019 13:00,18.93,0
31/08/2019 14:00,18.72,0
31/08/2019 15:00,18.7,0
31/08/2019 16:00,18.63,0
31/08/2019 17:00,17.18,0
31/08/2019 18:00,16.6,0
31/08/2019 19:00,15.67,0
31/08/2019 20:00,15.98,0
31/08/2019 21:00,16.27,0
31/08/2019 22:00,16.23,0
31/08/2019 23:00,16.4,0
01/09/2019 0:00,16.32,0
01/09/2019 1:00,16.25,0
01/09/2019 2:00,16.22,0
01/09/2019 3:00,16.03,0
01/09/2019 4:00,16,0
01/09/2019 5:00,15.75,0
01/09/2019 6:00,15.83,0
01/09/2019 7:00,16.2,0
01/09/2019 8:00,16.77,0
01/09/2019 9:00,17.88,0
01/09/2019 10:00,18.22,0
01/09/2019 11:00,18.53,0
01/09/2019 12:00,19.68,0
01/09/2019 13:00,19.8,0
01/09/2019 14:00,20.67,0
01/09/2019 15:00,18.95,0
01/09/2019 16:00,19.4,0
01/09/2019 17:00,19.03,0
01/09/2019 18:00,17.65,0
01/09/2019 19:00,17.28,0
01/09/2019 20:00,17,0
01/09/2019 21:00,16.95,0
01/09/2019 22:00,16.78,0
01/09/2019 23:00,16.68,0
02/09/2019 0:00,16.47,0
02/09/2019 1:00,16.13,0
02/09/2019 2:00,16.1,0
02/09/2019 3:00,16.07,0
02/09/2019 4:00,15.63,0
02/09/2019 5:00,15.38,0
02/09/2019 6:00,15.37,0
02/09/2019 7:00,16.03,0
02/09/2019 8:00,18.17,0
02/09/2019 9:00,18.78,0
02/09/2019 10:00,19.55,0
02/09/2019 11:00,20.33,0
02/09/2019 12:00,20.65,0
02/09/2019 13:00,20.9,0
02/09/2019 14:00,21.48,0
02/09/2019 15:00,21.38,0
02/09/2019 16:00,20.87,0
02/09/2019 17:00,20.38,0
02/09/2019 18:00,19.23,0
02/09/2019 19:00,17.88,0
02/09/2019 20:00,17.25,0
02/09/2019 21:00,16.83,0
02/09/2019 22:00,16.57,0
02/09/2019 23:00,16.63,0
03/09/2019 0:00,16.65,0
03/09/2019 1:00,16.77,0
03/09/2019 2:00,16.5,0
03/09/2019 3:00,16.6,0
03/09/2019 4:00,16.53,0
03/09/2019 5:00,16.28,0
03/09/2019 6:00,16.15,0
03/09/2019 7:00,16.85,0
03/09/2019 8:00,18.55,0
03/09/2019 9:00,18.7,0
03/09/2019 10:00,17.62,0
03/09/2019 11:00,17.93,0
03/09/2019 12:00,18.23,0
03/09/2019 13:00,18.23,0
03/09/2019 14:00,18.8,0
03/09/2019 15:00,18.98,0
03/09/2019 16:00,19.42,0
03/09/2019 17:00,18.67,0
03/09/2019 18:00,17.62,0
03/09/2019 19:00,17.05,0
03/09/2019 20:00,16.82,0
03/09/2019 21:00,16.62,0
03/09/2019 22:00,16.65,0
03/09/2019 23:00,16.65,0
04/09/2019 0:00,16.65,0
04/09/2019 1:00,16.6,0
04/09/2019 2:00,16.12,0
04/09/2019 3:00,15.9,0
04/09/2019 4:00,15.95,0
04/09/2019 5:00,15.95,0
04/09/2019 6:00,16.1,0
04/09/2019 7:00,16.8,0
04/09/2019 8:00,18.4,0
04/09/2019 9:00,18.42,0
04/09/2019 10:00,18.03,0
04/09/2019 11:00,18.15,0
04/09/2019 12:00,19.25,0
04/09/2019 13:00,18.55,0
04/09/2019 14:00,17.05,0.2
04/09/2019 15:00,18.03,0
04/09/2019 16:00,17.87,0
04/09/2019 17:00,16.67,0
04/09/2019 18:00,15.7,0.2
04/09/2019 19:00,15.37,0
04/09/2019 20:00,15.2,0.4
04/09/2019 21:00,15.02,0
04/09/2019 22:00,14.98,0.2
04/09/2019 23:00,14.4,0.4
05/09/2019 0:00,13.97,0
05/09/2019 1:00,14.42,0.2
05/09/2019 2:00,14.28,0
05/09/2019 3:00,14.42,0
05/09/2019 4:00,14.6,0
05/09/2019 5:00,14.75,0
05/09/2019 6:00,14.58,0
05/09/2019 7:00,14.63,0
05/09/2019 8:00,15.17,0
05/09/2019 9:00,15.98,0
05/09/2019 10:00,16.15,0
05/09/2019 11:00,16.42,0
05/09/2019 12:00,16.53,0
05/09/2019 13:00,17.15,0
05/09/2019 14:00,16.83,0
05/09/2019 15:00,15.75,0
05/09/2019 16:00,16.18,0
05/09/2019 17:00,15.27,0
05/09/2019 18:00,15.23,0
05/09/2019 19:00,15.2,0
05/09/2019 20:00,15.35,0
05/09/2019 21:00,15.3,0
05/09/2019 22:00,15.4,0
05/09/2019 23:00,15.45,0
06/09/2019 0:00,15.55,0
06/09/2019 1:00,15.45,0
06/09/2019 2:00,15.25,0
06/09/2019 3:00,15.37,0
06/09/2019 4:00,15.3,0
06/09/2019 5:00,14.88,0
06/09/2019 6:00,14.9,0
06/09/2019 7:00,15.05,0
06/09/2019 8:00,15.3,0
06/09/2019 9:00,16.55,0
06/09/2019 10:00,15.75,0.2
06/09/2019 11:00,16,0.2
06/09/2019 12:00,16.37,0
06/09/2019 13:00,17.08,0
06/09/2019 14:00,16.7,0
06/09/2019 15:00,16.83,0
06/09/2019 16:00,15.18,0.6
06/09/2019 17:00,14.67,0
06/09/2019 18:00,15.15,0.2
06/09/2019 19:00,15.38,0
06/09/2019 20:00,15.38,0
06/09/2019 21:00,15.57,0
06/09/2019 22:00,15.47,0
06/09/2019 23:00,15.35,0
07/09/2019 0:00,15.53,0
07/09/2019 1:00,15.32,0
07/09/2019 2:00,15.35,0
07/09/2019 3:00,15.25,0
07/09/2019 4:00,15.08,0
07/09/2019 5:00,14.98,0
07/09/2019 6:00,15.07,0
07/09/2019 7:00,15.22,0
07/09/2019 8:00,15.57,0
07/09/2019 9:00,16.67,0
07/09/2019 10:00,16.8,0
07/09/2019 11:00,17.75,0
07/09/2019 12:00,17.77,0
07/09/2019 13:00,18.18,0
07/09/2019 14:00,18.6,0
07/09/2019 15:00,18.52,0
07/09/2019 16:00,18.33,0
07/09/2019 17:00,17.62,0
07/09/2019 18:00,16.97,0
07/09/2019 19:00,16.67,0
07/09/2019 20:00,16.47,0
07/09/2019 21:00,16.32,0
07/09/2019 22:00,16.12,0
07/09/2019 23:00,16.02,0
08/09/2019 0:00,15.77,0
08/09/2019 1:00,15.87,0
08/09/2019 2:00,15.75,0
08/09/2019 3:00,15.6,0
08/09/2019 4:00,15.65,0
08/09/2019 5:00,15.4,0
08/09/2019 6:00,14.67,0.2
08/09/2019 7:00,14.75,0.2
08/09/2019 8:00,16.57,0
08/09/2019 9:00,18.03,0
08/09/2019 10:00,18.72,0
08/09/2019 11:00,19.47,0
08/09/2019 12:00,19.88,0
08/09/2019 13:00,20.28,0
08/09/2019 14:00,20.03,0
08/09/2019 15:00,20.07,0
08/09/2019 16:00,19.03,0
08/09/2019 17:00,18.67,0
08/09/2019 18:00,17.72,0
08/09/2019 19:00,17.1,0
08/09/2019 20:00,16.8,0
08/09/2019 21:00,16.6,0
08/09/2019 22:00,16.47,0
08/09/2019 23:00,16.42,0
09/09/2019 0:00,16.43,0
09/09/2019 1:00,16.28,0
09/09/2019 2:00,16.1,0
09/09/2019 3:00,15.88,0
09/09/2019 4:00,15.5,0
09/09/2019 5:00,15.38,0
09/09/2019 6:00,15.3,0
09/09/2019 7:00,15.8,0
09/09/2019 8:00,17.33,0
09/09/2019 9:00,18.18,0
09/09/2019 10:00,18.92,0
09/09/2019 11:00,19.52,0
09/09/2019 12:00,19.53,0
09/09/2019 13:00,20.08,0
09/09/2019 14:00,19.82,0
09/09/2019 15:00,18.73,0
09/09/2019 16:00,17.12,0
09/09/2019 17:00,16.12,0.2
09/09/2019 18:00,16.03,0
09/09/2019 19:00,15.98,0
09/09/2019 20:00,15.98,0
09/09/2019 21:00,16.05,0
09/09/2019 22:00,16.13,0
09/09/2019 23:00,16.07,0
10/09/2019 0:00,15.92,0
10/09/2019 1:00,15.78,0
10/09/2019 2:00,15.65,0
10/09/2019 3:00,15.42,0
10/09/2019 4:00,15.23,0
10/09/2019 5:00,15.13,0
10/09/2019 6:00,15.3,0
10/09/2019 7:00,16.15,0
10/09/2019 8:00,18.12,0
10/09/2019 9:00,18.52,0
10/09/2019 10:00,17.75,0
10/09/2019 11:00,17.37,0
10/09/2019 12:00,17.68,0
10/09/2019 13:00,18.4,0
10/09/2019 14:00,18.12,0
10/09/2019 15:00,18.48,0
10/09/2019 16:00,18.85,0
10/09/2019 17:00,18.25,0
10/09/2019 18:00,17.37,0
10/09/2019 19:00,16.88,0
10/09/2019 20:00,16.3,0
10/09/2019 21:00,16.05,0
10/09/2019 22:00,16.18,0
10/09/2019 23:00,16.38,0
11/09/2019 0:00,16.28,0
11/09/2019 1:00,16.33,0
11/09/2019 2:00,16.3,0
11/09/2019 3:00,16.13,0
11/09/2019 4:00,15.62,0
11/09/2019 5:00,15.33,0
11/09/2019 6:00,15.25,0
11/09/2019 7:00,15.23,0
11/09/2019 8:00,15.93,0
11/09/2019 9:00,17.03,0
11/09/2019 10:00,17.5,0
11/09/2019 11:00,17.75,0
11/09/2019 12:00,18.15,0
11/09/2019 13:00,18.32,0
11/09/2019 14:00,17.92,0
11/09/2019 15:00,17.97,0
11/09/2019 16:00,18.73,0
11/09/2019 17:00,18.65,0
11/09/2019 18:00,17.5,0
11/09/2019 19:00,16.73,0
11/09/2019 20:00,16.5,0
11/09/2019 21:00,16.63,0
11/09/2019 22:00,16.97,0
11/09/2019 23:00,17.23,0
12/09/2019 0:00,16.4,0
12/09/2019 1:00,16.25,0
12/09/2019 2:00,15.52,0
12/09/2019 3:00,15.48,0
12/09/2019 4:00,15.07,0
12/09/2019 5:00,15.55,0
12/09/2019 6:00,15.57,0
12/09/2019 7:00,15.88,0
12/09/2019 8:00,16.48,0
12/09/2019 9:00,16.98,0
12/09/2019 10:00,17.57,0
12/09/2019 11:00,18.02,0
12/09/2019 12:00,19.35,0
12/09/2019 13:00,19.55,0
12/09/2019 14:00,18.72,0
12/09/2019 15:00,18.32,0
12/09/2019 16:00,17.87,0
12/09/2019 17:00,16.85,0
12/09/2019 18:00,16.33,0
12/09/2019 19:00,16.67,0
12/09/2019 20:00,16.65,0
12/09/2019 21:00,16.53,0
12/09/2019 22:00,16.47,0
12/09/2019 23:00,16.68,0
13/09/2019 0:00,16.27,0
13/09/2019 1:00,15.05,3
13/09/2019 2:00,14.63,0.6
13/09/2019 3:00,14.85,0.6
13/09/2019 4:00,15.18,0
13/09/2019 5:00,15.45,0
13/09/2019 6:00,14.77,0.4
13/09/2019 7:00,15.6,0
13/09/2019 8:00,15.9,0
13/09/2019 9:00,17.08,0
13/09/2019 10:00,17.87,0
13/09/2019 11:00,18.57,0
13/09/2019 12:00,18.7,0
13/09/2019 13:00,18.97,0
13/09/2019 14:00,18.62,0
13/09/2019 15:00,18.07,0
13/09/2019 16:00,17.37,0
13/09/2019 17:00,16.12,0
13/09/2019 18:00,16.27,0
13/09/2019 19:00,16.48,0
13/09/2019 20:00,16.35,0
13/09/2019 21:00,16.28,0
13/09/2019 22:00,16.17,0
13/09/2019 23:00,15.53,0.2
14/09/2019 0:00,15.47,0
14/09/2019 1:00,14.8,0.2
14/09/2019 2:00,14.75,0
14/09/2019 3:00,14.87,0
14/09/2019 4:00,14.82,0
14/09/2019 5:00,14.48,0
14/09/2019 6:00,14.67,0
14/09/2019 7:00,15.17,0
14/09/2019 8:00,15.53,0
14/09/2019 9:00,15.4,0
14/09/2019 10:00,15.82,0
14/09/2019 11:00,16.15,0
14/09/2019 12:00,16.28,0
14/09/2019 13:00,16.68,0
14/09/2019 14:00,16.6,0
14/09/2019 15:00,16.28,0
14/09/2019 16:00,15.75,0
14/09/2019 17:00,15.78,0
14/09/2019 18:00,15.68,0
14/09/2019 19:00,15.08,0
14/09/2019 20:00,14.92,0
14/09/2019 21:00,14.83,0
14/09/2019 22:00,14.85,0
14/09/2019 23:00,14.85,0
15/09/2019 0:00,14.72,0
15/09/2019 1:00,14.8,0
15/09/2019 2:00,14.87,0
15/09/2019 3:00,14.77,0
15/09/2019 4:00,14.23,0
15/09/2019 5:00,14.62,0
15/09/2019 6:00,14.85,0
15/09/2019 7:00,15.45,0
15/09/2019 8:00,16.77,0
15/09/2019 9:00,17.87,0
15/09/2019 10:00,18.3,0
15/09/2019 11:00,17.98,0
15/09/2019 12:00,18.22,0
15/09/2019 13:00,18.72,0
15/09/2019 14:00,18.67,0
15/09/2019 15:00,19.13,0
15/09/2019 16:00,18.6,0
15/09/2019 17:00,17.6,0
15/09/2019 18:00,16.98,0
15/09/2019 19:00,16.6,0
15/09/2019 20:00,16.47,0
15/09/2019 21:00,16.42,0
15/09/2019 22:00,16.05,0
15/09/2019 23:00,15.73,0
16/09/2019 0:00,15.9,0
16/09/2019 1:00,16,0
16/09/2019 2:00,15.9,0
16/09/2019 3:00,15.87,0
16/09/2019 4:00,15.72,0
16/09/2019 5:00,15.57,0
16/09/2019 6:00,15.48,0
16/09/2019 7:00,16.65,0
16/09/2019 8:00,17.77,0
16/09/2019 9:00,18.2,0
16/09/2019 10:00,19,0
16/09/2019 11:00,19.85,0
16/09/2019 12:00,20.52,0
16/09/2019 13:00,21.07,0
16/09/2019 14:00,21.22,0
16/09/2019 15:00,21.17,0
16/09/2019 16:00,20.47,0
16/09/2019 17:00,19.48,0
16/09/2019 18:00,18.45,0
16/09/2019 19:00,17.2,0
16/09/2019 20:00,16.82,0
16/09/2019 21:00,17.08,0
16/09/2019 22:00,16.73,0
16/09/2019 23:00,16.42,0
17/09/2019 0:00,16.27,0
17/09/2019 1:00,15.8,0
17/09/2019 2:00,14.43,0
17/09/2019 3:00,13.67,0
17/09/2019 4:00,12.73,0
17/09/2019 5:00,12.15,0
17/09/2019 6:00,11.93,0
17/09/2019 7:00,12.47,0
17/09/2019 8:00,14.22,0
17/09/2019 9:00,17.67,0
17/09/2019 10:00,18.4,0
17/09/2019 11:00,19.67,0
17/09/2019 12:00,20.17,0
17/09/2019 13:00,18.4,0.2
17/09/2019 14:00,17.13,0.4
17/09/2019 15:00,19.13,0
17/09/2019 16:00,18.45,0
17/09/2019 17:00,18.37,0
17/09/2019 18:00,17.73,0
17/09/2019 19:00,16.92,0
17/09/2019 20:00,16.35,0
17/09/2019 21:00,15.92,0
17/09/2019 22:00,15.23,0
17/09/2019 23:00,14.22,0
18/09/2019 0:00,13.28,0
18/09/2019 1:00,12.38,0
18/09/2019 2:00,11.8,0
18/09/2019 3:00,11.2,0
18/09/2019 4:00,11.2,0
18/09/2019 5:00,11.07,0
18/09/2019 6:00,10.87,0
18/09/2019 7:00,11.45,0
18/09/2019 8:00,13.68,0
18/09/2019 9:00,17.55,0
18/09/2019 10:00,21.37,0
18/09/2019 11:00,22.38,0
18/09/2019 12:00,22.72,0
18/09/2019 13:00,24.08,0
18/09/2019 14:00,24.37,0
18/09/2019 15:00,23.62,0
18/09/2019 16:00,21.53,0
18/09/2019 17:00,19.13,0
18/09/2019 18:00,16.78,0
18/09/2019 19:00,15.87,0
18/09/2019 20:00,15.4,0
18/09/2019 21:00,15.05,0
18/09/2019 22:00,14.62,0
18/09/2019 23:00,14.52,0
19/09/2019 0:00,13.98,0
19/09/2019 1:00,13.95,0
19/09/2019 2:00,14.12,0
19/09/2019 3:00,14.22,0
19/09/2019 4:00,13.98,0
19/09/2019 5:00,13.8,0
19/09/2019 6:00,13.73,0
19/09/2019 7:00,14.45,0
19/09/2019 8:00,15.4,0
19/09/2019 9:00,16.5,0
19/09/2019 10:00,18.22,0
19/09/2019 11:00,19.95,0
19/09/2019 12:00,22.53,0
19/09/2019 13:00,23.65,0
19/09/2019 14:00,23.68,0
19/09/2019 15:00,23.2,0
19/09/2019 16:00,18.38,0
19/09/2019 17:00,18.22,0
19/09/2019 18:00,17.48,0
19/09/2019 19:00,16.73,0
19/09/2019 20:00,16.53,0
19/09/2019 21:00,16.33,0
19/09/2019 22:00,16.22,0
19/09/2019 23:00,16.08,0
20/09/2019 0:00,15.73,0
20/09/2019 1:00,15.35,0
20/09/2019 2:00,14.67,0
20/09/2019 3:00,14.35,0
20/09/2019 4:00,14.2,0
20/09/2019 5:00,14.2,0
20/09/2019 6:00,13.97,0
20/09/2019 7:00,14.15,0
20/09/2019 8:00,14.45,0
20/09/2019 9:00,14.85,0
20/09/2019 10:00,16.38,0
20/09/2019 11:00,18.98,0
20/09/2019 12:00,19.5,0
20/09/2019 13:00,18.17,0
20/09/2019 14:00,19.17,0
20/09/2019 15:00,19.88,0
20/09/2019 16:00,18.87,0
20/09/2019 17:00,18.28,0
20/09/2019 18:00,17.68,0
20/09/2019 19:00,16.93,0
20/09/2019 20:00,16.77,0
20/09/2019 21:00,16.55,0
20/09/2019 22:00,16.38,0
20/09/2019 23:00,16.25,0
25/09/2019 17:00,17,0
25/09/2019 18:00,16.2,0
26/09/2019 13:00,21.67,0
26/09/2019 14:00,21.82,0
26/09/2019 15:00,21.8,0
26/09/2019 16:00,21.48,0
27/09/2019 11:00,18.3,0
27/09/2019 12:00,17.42,0
27/09/2019 13:00,18.42,0
27/09/2019 14:00,20.08,0
27/09/2019 15:00,20.48,0
27/09/2019 16:00,20.38,0
27/09/2019 17:00,19.72,0
27/09/2019 18:00,18.37,0
27/09/2019 19:00,17.3,0
27/09/2019 20:00,16.83,0
27/09/2019 21:00,16.37,0
27/09/2019 22:00,16.12,0
27/09/2019 23:00,16.12,0
28/09/2019 0:00,16,0
28/09/2019 1:00,15.83,0
28/09/2019 2:00,15.55,0
28/09/2019 3:00,15.27,0
28/09/2019 4:00,15.15,0
28/09/2019 5:00,14.68,0
28/09/2019 6:00,14.18,0
28/09/2019 7:00,14.32,0
28/09/2019 8:00,17.48,0
28/09/2019 9:00,18.53,0
28/09/2019 10:00,18.35,0
28/09/2019 11:00,18.92,0
28/09/2019 12:00,20.23,0
28/09/2019 13:00,19.38,0
28/09/2019 14:00,20.27,0
30/09/2019 10:00,21.3,0
30/09/2019 11:00,22.57,0
30/09/2019 12:00,22.1,0
30/09/2019 13:00,23.15,0
30/09/2019 14:00,23.97,0
30/09/2019 15:00,24.25,0
30/09/2019 16:00,22.93,0
30/09/2019 17:00,20.45,0
30/09/2019 18:00,18.63,0
30/09/2019 19:00,17.82,0
30/09/2019 20:00,16.95,0
30/09/2019 21:00,16.35,0
30/09/2019 22:00,16.37,0
30/09/2019 23:00,16.17,0
